President of the United States Presidential Preference - DEMOCRATIC - Vote for ONE,,,,,,,,,,,,,,,,,,,,,,,,,,,,,,,,,,,,,,,,,,,,,,,,,
President of the United States Presidential Preference - DEMOCRATIC,,,,,,,,,,,,,,,,,,,,,,,,,,,,,,,,,,,,,,,,,,,,,,,,,
"Cumulative Totals
Precinct",,,,,,,Party Member Registration,,,Party Member Ballots Cast,,,,,,Turnout (%),,,Declined to State Voter Ballots Cast,,,Julián Castro,,,,,Michael A. Ellinger,,,,,Elizabeth Warren,,,Marianne Williamson,,,Andrew Yang,,,,"Roque ""Rocky"" De La Fuente III",,,,John K. Delaney,,,
101002,,,,,,,214,,,64,,,,,,29.9,,,4,,,0,,,,,0,,,,,4,,,0,,,0,,,,0,,,,0,,,
102001,,,,,,,966,,,331,,,,,,34.3,,,13,,,1,,,,,0,,,,,14,,,0,,,5,,,,0,,,,0,,,
102002,,,,,,,128,,,45,,,,,,35.2,,,6,,,2,,,,,0,,,,,7,,,0,,,0,,,,1,,,,0,,,
102003,,,,,,,242,,,81,,,,,,33.5,,,3,,,1,,,,,2,,,,,2,,,0,,,0,,,,0,,,,0,,,
102005,,,,,,,792,,,271,,,,,,34.2,,,16,,,4,,,,,1,,,,,9,,,0,,,0,,,,1,,,,0,,,
102007,,,,,,,152,,,69,,,,,,45.4,,,5,,,0,,,,,0,,,,,6,,,0,,,0,,,,0,,,,0,,,
103001,,,,,,,"1,387",,,557,,,,,,40.2,,,38,,,3,,,,,0,,,,,30,,,0,,,3,,,,0,,,,1,,,
103002,,,,,,,"1,641",,,703,,,,,,42.8,,,40,,,1,,,,,2,,,,,32,,,0,,,5,,,,2,,,,1,,,
103003,,,,,,,"1,266",,,428,,,,,,33.8,,,31,,,3,,,,,1,,,,,25,,,2,,,1,,,,1,,,,1,,,
103004,,,,,,,677,,,271,,,,,,40.0,,,26,,,1,,,,,1,,,,,11,,,0,,,0,,,,0,,,,1,,,
103005,,,,,,,"1,374",,,639,,,,,,46.5,,,35,,,2,,,,,0,,,,,32,,,0,,,3,,,,1,,,,2,,,
103009,,,,,,,839,,,388,,,,,,46.2,,,37,,,3,,,,,0,,,,,26,,,0,,,1,,,,0,,,,1,,,
103016,,,,,,,"1,163",,,388,,,,,,33.4,,,22,,,1,,,,,1,,,,,17,,,0,,,5,,,,0,,,,1,,,
103026,,,,,,,"1,479",,,614,,,,,,41.5,,,33,,,2,,,,,0,,,,,22,,,1,,,7,,,,0,,,,0,,,
104001,,,,,,,382,,,203,,,,,,53.1,,,7,,,1,,,,,0,,,,,13,,,0,,,3,,,,0,,,,0,,,
104004,,,,,,,131,,,61,,,,,,46.6,,,4,,,0,,,,,0,,,,,6,,,0,,,0,,,,0,,,,0,,,
105002,,,,,,,219,,,129,,,,,,58.9,,,10,,,0,,,,,0,,,,,2,,,0,,,1,,,,1,,,,0,,,
105003,,,,,,,70,,,41,,,,,,58.6,,,4,,,0,,,,,0,,,,,7,,,0,,,0,,,,0,,,,0,,,
105004,,,,,,,88,,,41,,,,,,46.6,,,3,,,0,,,,,0,,,,,1,,,0,,,0,,,,0,,,,0,,,
106001,,,,,,,"1,018",,,434,,,,,,42.6,,,54,,,4,,,,,1,,,,,23,,,0,,,5,,,,0,,,,0,,,
106013,,,,,,,108,,,56,,,,,,51.9,,,4,,,0,,,,,0,,,,,4,,,0,,,0,,,,0,,,,0,,,
107005,,,,,,,360,,,246,,,,,,68.3,,,49,,,0,,,,,0,,,,,23,,,0,,,1,,,,0,,,,0,,,
107007,,,,,,,189,,,93,,,,,,49.2,,,3,,,0,,,,,0,,,,,4,,,1,,,0,,,,0,,,,0,,,
108002,,,,,,,458,,,207,,,,,,45.2,,,27,,,4,,,,,1,,,,,10,,,0,,,1,,,,2,,,,0,,,
108008,,,,,,,66,,,28,,,,,,42.4,,,1,,,0,,,,,0,,,,,0,,,0,,,0,,,,0,,,,0,,,
109001,,,,,,,630,,,272,,,,,,43.2,,,30,,,0,,,,,0,,,,,15,,,3,,,4,,,,0,,,,0,,,
109003,,,,,,,225,,,91,,,,,,40.4,,,6,,,0,,,,,1,,,,,7,,,0,,,0,,,,0,,,,0,,,
110001,,,,,,,371,,,227,,,,,,61.2,,,17,,,1,,,,,0,,,,,15,,,0,,,1,,,,2,,,,0,,,
110002,,,,,,,468,,,282,,,,,,60.3,,,37,,,0,,,,,0,,,,,25,,,0,,,6,,,,0,,,,0,,,
110006,,,,,,,265,,,105,,,,,,39.6,,,11,,,2,,,,,0,,,,,8,,,0,,,0,,,,1,,,,0,,,
110008,,,,,,,156,,,93,,,,,,59.6,,,5,,,0,,,,,0,,,,,8,,,0,,,2,,,,0,,,,0,,,
111003,,,,,,,719,,,301,,,,,,41.9,,,16,,,3,,,,,0,,,,,14,,,0,,,1,,,,0,,,,0,,,
111005,,,,,,,261,,,155,,,,,,59.4,,,12,,,0,,,,,0,,,,,16,,,0,,,2,,,,0,,,,0,,,
112001,,,,,,,116,,,69,,,,,,59.5,,,11,,,0,,,,,0,,,,,3,,,0,,,0,,,,0,,,,0,,,
112002,,,,,,,80,,,47,,,,,,58.8,,,0,,,0,,,,,0,,,,,3,,,0,,,0,,,,0,,,,0,,,
114001,,,,,,,"1,159",,,611,,,,,,52.7,,,36,,,3,,,,,0,,,,,51,,,0,,,0,,,,0,,,,1,,,
115001,,,,,,,941,,,606,,,,,,64.4,,,99,,,0,,,,,1,,,,,59,,,0,,,7,,,,2,,,,1,,,
115003,,,,,,,62,,,41,,,,,,66.1,,,6,,,0,,,,,0,,,,,1,,,0,,,2,,,,0,,,,0,,,
117001,,,,,,,"1,419",,,699,,,,,,49.3,,,61,,,3,,,,,1,,,,,77,,,0,,,3,,,,0,,,,0,,,
117002,,,,,,,"1,457",,,856,,,,,,58.8,,,62,,,0,,,,,0,,,,,77,,,1,,,3,,,,2,,,,0,,,
117003,,,,,,,976,,,295,,,,,,30.2,,,16,,,3,,,,,0,,,,,12,,,1,,,2,,,,1,,,,0,,,
117004,,,,,,,"1,566",,,449,,,,,,28.7,,,26,,,6,,,,,1,,,,,21,,,1,,,0,,,,0,,,,0,,,
117005,,,,,,,774,,,265,,,,,,34.2,,,19,,,1,,,,,0,,,,,10,,,0,,,3,,,,1,,,,0,,,
117006,,,,,,,"1,779",,,675,,,,,,37.9,,,34,,,7,,,,,3,,,,,32,,,0,,,3,,,,3,,,,0,,,
117009,,,,,,,"1,381",,,659,,,,,,47.7,,,114,,,1,,,,,1,,,,,54,,,1,,,2,,,,1,,,,0,,,
117014,,,,,,,"1,042",,,506,,,,,,48.6,,,62,,,1,,,,,0,,,,,49,,,1,,,1,,,,0,,,,0,,,
117016,,,,,,,"1,486",,,620,,,,,,41.7,,,59,,,2,,,,,3,,,,,34,,,2,,,5,,,,0,,,,4,,,
117021,,,,,,,"1,018",,,570,,,,,,56.0,,,49,,,2,,,,,1,,,,,54,,,1,,,6,,,,2,,,,0,,,
117023,,,,,,,256,,,94,,,,,,36.7,,,1,,,1,,,,,2,,,,,1,,,0,,,0,,,,0,,,,0,,,
117027,,,,,,,"1,692",,,"1,105",,,,,,65.3,,,108,,,0,,,,,0,,,,,167,,,1,,,5,,,,1,,,,0,,,
117028,,,,,,,"1,259",,,681,,,,,,54.1,,,57,,,3,,,,,0,,,,,69,,,1,,,5,,,,1,,,,1,,,
117029,,,,,,,"1,377",,,740,,,,,,53.7,,,49,,,3,,,,,0,,,,,43,,,0,,,4,,,,0,,,,0,,,
117036,,,,,,,"1,458",,,847,,,,,,58.1,,,81,,,1,,,,,1,,,,,93,,,0,,,4,,,,0,,,,1,,,
117040,,,,,,,"1,150",,,733,,,,,,63.7,,,65,,,3,,,,,1,,,,,66,,,1,,,3,,,,3,,,,0,,,
117043,,,,,,,"1,375",,,822,,,,,,59.8,,,51,,,0,,,,,0,,,,,82,,,1,,,4,,,,1,,,,0,,,
117045,,,,,,,"1,277",,,588,,,,,,46.0,,,58,,,0,,,,,0,,,,,63,,,1,,,3,,,,0,,,,1,,,
117052,,,,,,,951,,,554,,,,,,58.3,,,51,,,1,,,,,0,,,,,41,,,1,,,4,,,,1,,,,0,,,
President of the United States Presidential Preference - DEMOCRATIC,,,,,,,,,,,,,,,,,,,,,,,,,,,,,,,,,,,,,,,,,,,,,,,,,
"Cumulative Totals
Precinct",,,,,,,Amy Klobuchar,,,,,Bernie Sanders,,,,,,,Joe Sestak,,,,,Tom Steyer,,,,Deval Patrick,,,,,Michael Bennet,,,Michael R. Bloomberg,,,,Mosie Boyd,,,,Cory Booker,,,,,
101002,,,,,,,0,,,,,,,,,,34,,,,0,,,,,2,,,,,0,,,0,,,10,,,,,,0,,0,,,,
102001,,,,,,,5,,,,,,,,,,154,,,,1,,,,,12,,,,,1,,,2,,,61,,,,,,0,,0,,,,
102002,,,,,,,0,,,,,,,,,,19,,,,0,,,,,0,,,,,0,,,0,,,4,,,,,,0,,0,,,,
102003,,,,,,,0,,,,,,,,,,38,,,,0,,,,,2,,,,,0,,,0,,,14,,,,,,0,,0,,,,
102005,,,,,,,1,,,,,,,,,,167,,,,0,,,,,7,,,,,0,,,0,,,32,,,,,,0,,0,,,,
102007,,,,,,,0,,,,,,,,,,19,,,,0,,,,,5,,,,,0,,,0,,,18,,,,,,0,,0,,,,
103001,,,,,,,9,,,,,,,,,,278,,,,0,,,,,14,,,,,1,,,1,,,81,,,,,,0,,1,,,,
103002,,,,,,,8,,,,,,,,,,295,,,,4,,,,,30,,,,,2,,,2,,,115,,,,,,3,,3,,,,
103003,,,,,,,2,,,,,,,,,,182,,,,0,,,,,19,,,,,0,,,4,,,54,,,,,,0,,2,,,,
103004,,,,,,,4,,,,,,,,,,120,,,,0,,,,,13,,,,,0,,,0,,,58,,,,,,0,,1,,,,
103005,,,,,,,5,,,,,,,,,,322,,,,1,,,,,13,,,,,1,,,1,,,85,,,,,,0,,1,,,,
103009,,,,,,,11,,,,,,,,,,161,,,,0,,,,,20,,,,,0,,,0,,,66,,,,,,0,,0,,,,
103016,,,,,,,8,,,,,,,,,,205,,,,0,,,,,11,,,,,0,,,2,,,42,,,,,,0,,0,,,,
103026,,,,,,,6,,,,,,,,,,316,,,,2,,,,,6,,,,,1,,,2,,,79,,,,,,0,,2,,,,
104001,,,,,,,10,,,,,,,,,,61,,,,0,,,,,9,,,,,1,,,0,,,38,,,,,,1,,0,,,,
104004,,,,,,,0,,,,,,,,,,21,,,,0,,,,,5,,,,,0,,,1,,,10,,,,,,0,,1,,,,
105002,,,,,,,2,,,,,,,,,,47,,,,0,,,,,3,,,,,0,,,0,,,21,,,,,,1,,1,,,,
105003,,,,,,,4,,,,,,,,,,10,,,,0,,,,,0,,,,,0,,,0,,,7,,,,,,0,,0,,,,
105004,,,,,,,0,,,,,,,,,,13,,,,0,,,,,3,,,,,0,,,1,,,4,,,,,,0,,0,,,,
106001,,,,,,,6,,,,,,,,,,240,,,,0,,,,,12,,,,,0,,,3,,,62,,,,,,0,,1,,,,
106013,,,,,,,1,,,,,,,,,,24,,,,2,,,,,0,,,,,0,,,0,,,6,,,,,,0,,0,,,,
107005,,,,,,,14,,,,,,,,,,55,,,,0,,,,,6,,,,,0,,,2,,,75,,,,,,0,,0,,,,
107007,,,,,,,0,,,,,,,,,,25,,,,0,,,,,3,,,,,0,,,0,,,14,,,,,,0,,0,,,,
108002,,,,,,,5,,,,,,,,,,73,,,,0,,,,,12,,,,,0,,,1,,,44,,,,,,0,,0,,,,
108008,,,,,,,3,,,,,,,,,,7,,,,0,,,,,0,,,,,0,,,0,,,4,,,,,,0,,0,,,,
109001,,,,,,,6,,,,,,,,,,126,,,,3,,,,,3,,,,,0,,,2,,,46,,,,,,1,,1,,,,
109003,,,,,,,1,,,,,,,,,,24,,,,1,,,,,6,,,,,0,,,0,,,15,,,,,,0,,0,,,,
110001,,,,,,,3,,,,,,,,,,65,,,,0,,,,,7,,,,,1,,,0,,,45,,,,,,1,,0,,,,
110002,,,,,,,4,,,,,,,,,,90,,,,0,,,,,12,,,,,0,,,0,,,48,,,,,,0,,0,,,,
110006,,,,,,,4,,,,,,,,,,39,,,,1,,,,,3,,,,,0,,,0,,,13,,,,,,0,,0,,,,
110008,,,,,,,3,,,,,,,,,,22,,,,0,,,,,8,,,,,0,,,2,,,21,,,,,,0,,0,,,,
111003,,,,,,,2,,,,,,,,,,130,,,,1,,,,,9,,,,,0,,,2,,,48,,,,,,0,,0,,,,
111005,,,,,,,11,,,,,,,,,,42,,,,0,,,,,10,,,,,0,,,0,,,22,,,,,,0,,0,,,,
112001,,,,,,,4,,,,,,,,,,26,,,,0,,,,,2,,,,,0,,,1,,,11,,,,,,0,,0,,,,
112002,,,,,,,0,,,,,,,,,,13,,,,1,,,,,3,,,,,0,,,1,,,14,,,,,,0,,0,,,,
114001,,,,,,,21,,,,,,,,,,180,,,,0,,,,,13,,,,,0,,,1,,,100,,,,,,0,,0,,,,
115001,,,,,,,31,,,,,,,,,,131,,,,3,,,,,24,,,,,2,,,0,,,108,,,,,,0,,1,,,,
115003,,,,,,,1,,,,,,,,,,10,,,,0,,,,,1,,,,,0,,,0,,,10,,,,,,0,,1,,,,
117001,,,,,,,16,,,,,,,,,,242,,,,0,,,,,23,,,,,0,,,3,,,115,,,,,,0,,1,,,,
117002,,,,,,,26,,,,,,,,,,247,,,,1,,,,,32,,,,,2,,,2,,,154,,,,,,0,,0,,,,
117003,,,,,,,1,,,,,,,,,,167,,,,0,,,,,5,,,,,0,,,1,,,42,,,,,,0,,0,,,,
117004,,,,,,,2,,,,,,,,,,275,,,,0,,,,,9,,,,,0,,,4,,,62,,,,,,0,,0,,,,
117005,,,,,,,2,,,,,,,,,,148,,,,0,,,,,15,,,,,1,,,0,,,39,,,,,,0,,0,,,,
117006,,,,,,,4,,,,,,,,,,315,,,,1,,,,,26,,,,,0,,,1,,,122,,,,,,0,,0,,,,
117009,,,,,,,13,,,,,,,,,,291,,,,1,,,,,31,,,,,0,,,1,,,103,,,,,,0,,1,,,,
117014,,,,,,,15,,,,,,,,,,166,,,,1,,,,,21,,,,,1,,,6,,,88,,,,,,0,,0,,,,
117016,,,,,,,12,,,,,,,,,,258,,,,2,,,,,31,,,,,0,,,1,,,99,,,,,,0,,0,,,,
117021,,,,,,,14,,,,,,,,,,205,,,,1,,,,,29,,,,,0,,,1,,,92,,,,,,0,,3,,,,
117023,,,,,,,1,,,,,,,,,,52,,,,0,,,,,3,,,,,1,,,3,,,18,,,,,,0,,0,,,,
117027,,,,,,,43,,,,,,,,,,405,,,,1,,,,,29,,,,,2,,,0,,,141,,,,,,0,,1,,,,
117028,,,,,,,19,,,,,,,,,,247,,,,0,,,,,28,,,,,0,,,3,,,100,,,,,,2,,2,,,,
117029,,,,,,,14,,,,,,,,,,253,,,,0,,,,,21,,,,,0,,,2,,,128,,,,,,1,,0,,,,
117036,,,,,,,22,,,,,,,,,,294,,,,1,,,,,39,,,,,0,,,1,,,144,,,,,,0,,2,,,,
117040,,,,,,,31,,,,,,,,,,194,,,,0,,,,,21,,,,,0,,,0,,,128,,,,,,1,,1,,,,
117043,,,,,,,21,,,,,,,,,,238,,,,0,,,,,29,,,,,0,,,0,,,145,,,,,,0,,1,,,,
117045,,,,,,,10,,,,,,,,,,204,,,,0,,,,,27,,,,,0,,,1,,,93,,,,,,0,,0,,,,
117052,,,,,,,26,,,,,,,,,,166,,,,0,,,,,25,,,,,0,,,1,,,101,,,,,,0,,0,,,,
President of the United States Presidential Preference - DEMOCRATIC,,,,,,,,,,,,,,,,,,,,,,,,,,,,,,,,,,,,,,,,,,,,,,,,,
"Cumulative Totals
Precinct",,,,,,,Pete Buttigieg,,,,,Joseph R. Biden,,,,,,,Tulsi Gabbard,,,,,Mark Stewart Greenstein,,,,,,,,,,,,,,,,,,,,,,,,,
101002,,,,,,,0,,,,,,,,,,14,,,,1,,,,,0,,,,,,,,,,,,,,,,,,,,,,,
102001,,,,,,,10,,,,,,,,,,69,,,,0,,,,,0,,,,,,,,,,,,,,,,,,,,,,,
102002,,,,,,,0,,,,,,,,,,15,,,,3,,,,,0,,,,,,,,,,,,,,,,,,,,,,,
102003,,,,,,,1,,,,,,,,,,21,,,,0,,,,,0,,,,,,,,,,,,,,,,,,,,,,,
102005,,,,,,,5,,,,,,,,,,46,,,,3,,,,,2,,,,,,,,,,,,,,,,,,,,,,,
102007,,,,,,,5,,,,,,,,,,18,,,,0,,,,,0,,,,,,,,,,,,,,,,,,,,,,,
103001,,,,,,,7,,,,,,,,,,147,,,,3,,,,,0,,,,,,,,,,,,,,,,,,,,,,,
103002,,,,,,,35,,,,,,,,,,153,,,,7,,,,,0,,,,,,,,,,,,,,,,,,,,,,,
103003,,,,,,,17,,,,,,,,,,115,,,,1,,,,,1,,,,,,,,,,,,,,,,,,,,,,,
103004,,,,,,,7,,,,,,,,,,68,,,,3,,,,,0,,,,,,,,,,,,,,,,,,,,,,,
103005,,,,,,,14,,,,,,,,,,164,,,,5,,,,,0,,,,,,,,,,,,,,,,,,,,,,,
103009,,,,,,,15,,,,,,,,,,108,,,,4,,,,,0,,,,,,,,,,,,,,,,,,,,,,,
103016,,,,,,,8,,,,,,,,,,96,,,,1,,,,,0,,,,,,,,,,,,,,,,,,,,,,,
103026,,,,,,,17,,,,,,,,,,147,,,,6,,,,,0,,,,,,,,,,,,,,,,,,,,,,,
104001,,,,,,,6,,,,,,,,,,49,,,,3,,,,,0,,,,,,,,,,,,,,,,,,,,,,,
104004,,,,,,,2,,,,,,,,,,16,,,,0,,,,,0,,,,,,,,,,,,,,,,,,,,,,,
105002,,,,,,,17,,,,,,,,,,33,,,,0,,,,,0,,,,,,,,,,,,,,,,,,,,,,,
105003,,,,,,,3,,,,,,,,,,11,,,,0,,,,,0,,,,,,,,,,,,,,,,,,,,,,,
105004,,,,,,,3,,,,,,,,,,14,,,,0,,,,,0,,,,,,,,,,,,,,,,,,,,,,,
106001,,,,,,,18,,,,,,,,,,94,,,,5,,,,,0,,,,,,,,,,,,,,,,,,,,,,,
106013,,,,,,,3,,,,,,,,,,14,,,,2,,,,,0,,,,,,,,,,,,,,,,,,,,,,,
107005,,,,,,,20,,,,,,,,,,84,,,,4,,,,,0,,,,,,,,,,,,,,,,,,,,,,,
107007,,,,,,,5,,,,,,,,,,41,,,,0,,,,,0,,,,,,,,,,,,,,,,,,,,,,,
108002,,,,,,,12,,,,,,,,,,55,,,,6,,,,,0,,,,,,,,,,,,,,,,,,,,,,,
108008,,,,,,,3,,,,,,,,,,9,,,,0,,,,,0,,,,,,,,,,,,,,,,,,,,,,,
109001,,,,,,,13,,,,,,,,,,68,,,,1,,,,,1,,,,,,,,,,,,,,,,,,,,,,,
109003,,,,,,,9,,,,,,,,,,27,,,,0,,,,,0,,,,,,,,,,,,,,,,,,,,,,,
110001,,,,,,,10,,,,,,,,,,77,,,,4,,,,,0,,,,,,,,,,,,,,,,,,,,,,,
110002,,,,,,,21,,,,,,,,,,101,,,,1,,,,,0,,,,,,,,,,,,,,,,,,,,,,,
110006,,,,,,,4,,,,,,,,,,33,,,,0,,,,,0,,,,,,,,,,,,,,,,,,,,,,,
110008,,,,,,,4,,,,,,,,,,24,,,,0,,,,,1,,,,,,,,,,,,,,,,,,,,,,,
111003,,,,,,,7,,,,,,,,,,82,,,,4,,,,,0,,,,,,,,,,,,,,,,,,,,,,,
111005,,,,,,,14,,,,,,,,,,39,,,,6,,,,,0,,,,,,,,,,,,,,,,,,,,,,,
112001,,,,,,,7,,,,,,,,,,17,,,,0,,,,,0,,,,,,,,,,,,,,,,,,,,,,,
112002,,,,,,,3,,,,,,,,,,7,,,,0,,,,,0,,,,,,,,,,,,,,,,,,,,,,,
114001,,,,,,,37,,,,,,,,,,211,,,,4,,,,,0,,,,,,,,,,,,,,,,,,,,,,,
115001,,,,,,,66,,,,,,,,,,219,,,,10,,,,,0,,,,,,,,,,,,,,,,,,,,,,,
115003,,,,,,,2,,,,,,,,,,18,,,,0,,,,,0,,,,,,,,,,,,,,,,,,,,,,,
117001,,,,,,,39,,,,,,,,,,212,,,,6,,,,,0,,,,,,,,,,,,,,,,,,,,,,,
117002,,,,,,,50,,,,,,,,,,287,,,,7,,,,,0,,,,,,,,,,,,,,,,,,,,,,,
117003,,,,,,,7,,,,,,,,,,59,,,,0,,,,,0,,,,,,,,,,,,,,,,,,,,,,,
117004,,,,,,,9,,,,,,,,,,70,,,,4,,,,,0,,,,,,,,,,,,,,,,,,,,,,,
117005,,,,,,,7,,,,,,,,,,48,,,,2,,,,,0,,,,,,,,,,,,,,,,,,,,,,,
117006,,,,,,,23,,,,,,,,,,152,,,,1,,,,,0,,,,,,,,,,,,,,,,,,,,,,,
117009,,,,,,,41,,,,,,,,,,193,,,,12,,,,,1,,,,,,,,,,,,,,,,,,,,,,,
117014,,,,,,,44,,,,,,,,,,146,,,,5,,,,,0,,,,,,,,,,,,,,,,,,,,,,,
117016,,,,,,,30,,,,,,,,,,175,,,,2,,,,,0,,,,,,,,,,,,,,,,,,,,,,,
117021,,,,,,,30,,,,,,,,,,162,,,,5,,,,,0,,,,,,,,,,,,,,,,,,,,,,,
117023,,,,,,,1,,,,,,,,,,10,,,,0,,,,,0,,,,,,,,,,,,,,,,,,,,,,,
117027,,,,,,,68,,,,,,,,,,315,,,,10,,,,,0,,,,,,,,,,,,,,,,,,,,,,,
117028,,,,,,,42,,,,,,,,,,186,,,,2,,,,,1,,,,,,,,,,,,,,,,,,,,,,,
117029,,,,,,,36,,,,,,,,,,249,,,,5,,,,,0,,,,,,,,,,,,,,,,,,,,,,,
117036,,,,,,,51,,,,,,,,,,249,,,,5,,,,,0,,,,,,,,,,,,,,,,,,,,,,,
117040,,,,,,,57,,,,,,,,,,253,,,,5,,,,,0,,,,,,,,,,,,,,,,,,,,,,,
117043,,,,,,,65,,,,,,,,,,251,,,,10,,,,,1,,,,,,,,,,,,,,,,,,,,,,,
117045,,,,,,,36,,,,,,,,,,183,,,,3,,,,,0,,,,,,,,,,,,,,,,,,,,,,,
117052,,,,,,,30,,,,,,,,,,171,,,,9,,,,,0,,,,,,,,,,,,,,,,,,,,,,,
President of the United States Presidential Preference - DEMOCRATIC,,,,,,,,,,,,,,,,,,,,,,,,,,,,,,,,,,,,,,,,,,,,,,,,,
"Cumulative Totals
Precinct",,,,,,,Party Member Registration,,,Party Member Ballots Cast,,,,,,Turnout (%),,,Declined to State Voter Ballots Cast,,,Julián Castro,,,,,Michael A. Ellinger,,,,,Elizabeth Warren,,,Marianne Williamson,,,Andrew Yang,,,,"Roque ""Rocky"" De La Fuente III",,,,John K. Delaney,,,
117059,,,,,,,972,,,632,,,,,,65.0,,,43,,,0,,,,,0,,,,,49,,,1,,,4,,,,5,,,,0,,,
117068,,,,,,,"1,168",,,615,,,,,,52.7,,,34,,,0,,,,,0,,,,,51,,,0,,,3,,,,1,,,,0,,,
117069,,,,,,,"1,334",,,815,,,,,,61.1,,,104,,,1,,,,,0,,,,,63,,,2,,,7,,,,2,,,,0,,,
117073,,,,,,,767,,,300,,,,,,39.1,,,7,,,3,,,,,0,,,,,9,,,1,,,5,,,,0,,,,0,,,
117074,,,,,,,"1,351",,,909,,,,,,67.3,,,72,,,0,,,,,0,,,,,85,,,0,,,4,,,,0,,,,0,,,
117076,,,,,,,"1,130",,,575,,,,,,50.9,,,43,,,0,,,,,0,,,,,39,,,1,,,6,,,,0,,,,0,,,
117079,,,,,,,"1,191",,,643,,,,,,54.0,,,35,,,0,,,,,0,,,,,53,,,1,,,7,,,,2,,,,0,,,
117083,,,,,,,"1,289",,,705,,,,,,54.7,,,71,,,0,,,,,0,,,,,49,,,1,,,10,,,,1,,,,1,,,
117084,,,,,,,"1,028",,,518,,,,,,50.4,,,39,,,1,,,,,0,,,,,44,,,0,,,7,,,,0,,,,0,,,
117091,,,,,,,"1,197",,,697,,,,,,58.2,,,38,,,0,,,,,0,,,,,60,,,0,,,5,,,,0,,,,1,,,
117095,,,,,,,"1,250",,,625,,,,,,50.0,,,62,,,4,,,,,0,,,,,45,,,0,,,7,,,,0,,,,0,,,
117101,,,,,,,"1,453",,,776,,,,,,53.4,,,91,,,3,,,,,0,,,,,72,,,0,,,3,,,,2,,,,3,,,
117104,,,,,,,978,,,422,,,,,,43.1,,,29,,,0,,,,,0,,,,,27,,,0,,,3,,,,0,,,,1,,,
117105,,,,,,,868,,,347,,,,,,40.0,,,25,,,1,,,,,0,,,,,24,,,0,,,1,,,,0,,,,0,,,
117112,,,,,,,"1,139",,,633,,,,,,55.6,,,53,,,3,,,,,0,,,,,51,,,0,,,5,,,,0,,,,4,,,
117136,,,,,,,"1,802",,,880,,,,,,48.8,,,69,,,0,,,,,0,,,,,77,,,1,,,2,,,,1,,,,1,,,
117169,,,,,,,301,,,105,,,,,,34.9,,,3,,,0,,,,,0,,,,,4,,,0,,,0,,,,0,,,,0,,,
117179,,,,,,,217,,,120,,,,,,55.3,,,10,,,1,,,,,0,,,,,13,,,0,,,1,,,,0,,,,0,,,
119001,,,,,,,605,,,292,,,,,,48.3,,,33,,,2,,,,,0,,,,,14,,,0,,,2,,,,2,,,,0,,,
119003,,,,,,,760,,,354,,,,,,46.6,,,16,,,2,,,,,0,,,,,16,,,0,,,3,,,,0,,,,0,,,
119004,,,,,,,651,,,306,,,,,,47.0,,,15,,,3,,,,,0,,,,,9,,,0,,,1,,,,0,,,,0,,,
120001,,,,,,,356,,,197,,,,,,55.3,,,35,,,3,,,,,1,,,,,19,,,0,,,1,,,,2,,,,0,,,
121001,,,,,,,"1,247",,,613,,,,,,49.2,,,109,,,2,,,,,1,,,,,48,,,0,,,3,,,,1,,,,0,,,
121003,,,,,,,"1,186",,,695,,,,,,58.6,,,76,,,2,,,,,0,,,,,71,,,0,,,4,,,,2,,,,0,,,
121007,,,,,,,830,,,500,,,,,,60.2,,,82,,,1,,,,,0,,,,,44,,,1,,,4,,,,0,,,,0,,,
123001,,,,,,,177,,,97,,,,,,54.8,,,3,,,0,,,,,0,,,,,10,,,1,,,1,,,,0,,,,0,,,
123004,,,,,,,840,,,289,,,,,,34.4,,,25,,,7,,,,,0,,,,,22,,,0,,,2,,,,1,,,,1,,,
123005,,,,,,,279,,,79,,,,,,28.3,,,2,,,2,,,,,0,,,,,3,,,0,,,0,,,,1,,,,0,,,
124001,,,,,,,"1,414",,,621,,,,,,43.9,,,57,,,3,,,,,0,,,,,39,,,1,,,6,,,,0,,,,0,,,
124003,,,,,,,"1,446",,,579,,,,,,40.0,,,39,,,5,,,,,0,,,,,24,,,1,,,4,,,,1,,,,0,,,
124004,,,,,,,575,,,227,,,,,,39.5,,,24,,,3,,,,,0,,,,,12,,,1,,,1,,,,1,,,,0,,,
124008,,,,,,,"1,632",,,638,,,,,,39.1,,,72,,,0,,,,,0,,,,,41,,,1,,,2,,,,1,,,,0,,,
126001,,,,,,,"1,197",,,553,,,,,,46.2,,,43,,,5,,,,,0,,,,,43,,,0,,,14,,,,0,,,,1,,,
126002,,,,,,,"1,195",,,541,,,,,,45.3,,,25,,,5,,,,,0,,,,,25,,,0,,,8,,,,1,,,,0,,,
126004,,,,,,,684,,,424,,,,,,62.0,,,41,,,0,,,,,0,,,,,33,,,0,,,3,,,,1,,,,0,,,
126008,,,,,,,"1,297",,,651,,,,,,50.2,,,59,,,0,,,,,0,,,,,50,,,0,,,4,,,,3,,,,0,,,
127001,,,,,,,972,,,470,,,,,,48.4,,,65,,,1,,,,,0,,,,,28,,,1,,,9,,,,1,,,,0,,,
127003,,,,,,,"1,147",,,528,,,,,,46.0,,,62,,,0,,,,,0,,,,,27,,,1,,,3,,,,3,,,,1,,,
127007,,,,,,,644,,,285,,,,,,44.3,,,25,,,0,,,,,0,,,,,24,,,1,,,1,,,,0,,,,0,,,
127008,,,,,,,65,,,47,,,,,,72.3,,,2,,,0,,,,,0,,,,,4,,,0,,,1,,,,0,,,,0,,,
128001,,,,,,,889,,,361,,,,,,40.6,,,31,,,2,,,,,0,,,,,24,,,0,,,2,,,,1,,,,2,,,
128003,,,,,,,"1,426",,,534,,,,,,37.4,,,46,,,4,,,,,1,,,,,22,,,0,,,2,,,,0,,,,0,,,
128005,,,,,,,838,,,456,,,,,,54.4,,,60,,,0,,,,,0,,,,,61,,,3,,,1,,,,0,,,,1,,,
128006,,,,,,,"1,041",,,737,,,,,,70.8,,,102,,,0,,,,,0,,,,,99,,,2,,,2,,,,2,,,,1,,,
128010,,,,,,,614,,,287,,,,,,46.7,,,29,,,0,,,,,0,,,,,27,,,1,,,0,,,,0,,,,0,,,
128012,,,,,,,464,,,290,,,,,,62.5,,,15,,,0,,,,,0,,,,,30,,,0,,,2,,,,1,,,,1,,,
128013,,,,,,,850,,,431,,,,,,50.7,,,45,,,1,,,,,0,,,,,39,,,0,,,3,,,,1,,,,0,,,
128014,,,,,,,"1,123",,,600,,,,,,53.4,,,38,,,0,,,,,0,,,,,46,,,0,,,2,,,,2,,,,1,,,
128016,,,,,,,856,,,474,,,,,,55.4,,,54,,,0,,,,,0,,,,,40,,,1,,,1,,,,0,,,,0,,,
128017,,,,,,,"1,116",,,576,,,,,,51.6,,,62,,,0,,,,,0,,,,,65,,,0,,,2,,,,0,,,,0,,,
128019,,,,,,,"1,050",,,532,,,,,,50.7,,,59,,,2,,,,,0,,,,,37,,,1,,,2,,,,0,,,,1,,,
128026,,,,,,,460,,,324,,,,,,70.4,,,36,,,0,,,,,0,,,,,34,,,0,,,2,,,,1,,,,0,,,
128031,,,,,,,692,,,409,,,,,,59.1,,,43,,,1,,,,,0,,,,,44,,,0,,,4,,,,0,,,,0,,,
128040,,,,,,,"1,059",,,496,,,,,,46.8,,,61,,,1,,,,,0,,,,,46,,,0,,,3,,,,1,,,,0,,,
129001,,,,,,,779,,,365,,,,,,46.9,,,39,,,2,,,,,0,,,,,26,,,1,,,4,,,,3,,,,2,,,
129003,,,,,,,340,,,171,,,,,,50.3,,,20,,,0,,,,,0,,,,,13,,,0,,,1,,,,0,,,,0,,,
131002,,,,,,,84,,,48,,,,,,57.1,,,5,,,0,,,,,0,,,,,3,,,0,,,0,,,,0,,,,0,,,
President of the United States Presidential Preference - DEMOCRATIC,,,,,,,,,,,,,,,,,,,,,,,,,,,,,,,,,,,,,,,,,,,,,,,,,
"Cumulative Totals
Precinct",,,,,,,Amy Klobuchar,,,,,Bernie Sanders,,,,,,,Joe Sestak,,,,,Tom Steyer,,,,Deval Patrick,,,,,Michael Bennet,,,Michael R. Bloomberg,,,,Mosie Boyd,,,,Cory Booker,,,,,
117059,,,,,,,27,,,,,189,,,,,,,1,,,,,26,,,,0,,,,,1,,,123,,,,0,,,,0,,,,,
117068,,,,,,,4,,,,,,,,,,253,,,,0,,,,,17,,,,,1,,,4,,,77,,,,,,1,,1,,,,
117069,,,,,,,25,,,,,,,,,,212,,,,0,,,,,13,,,,,0,,,1,,,167,,,,,,0,,1,,,,
117073,,,,,,,2,,,,,,,,,,173,,,,0,,,,,3,,,,,0,,,0,,,39,,,,,,0,,0,,,,
117074,,,,,,,40,,,,,,,,,,243,,,,0,,,,,25,,,,,2,,,0,,,170,,,,,,0,,1,,,,
117076,,,,,,,19,,,,,,,,,,208,,,,0,,,,,22,,,,,3,,,2,,,93,,,,,,0,,3,,,,
117079,,,,,,,25,,,,,,,,,,199,,,,0,,,,,29,,,,,2,,,2,,,113,,,,,,0,,0,,,,
117083,,,,,,,15,,,,,,,,,,264,,,,2,,,,,20,,,,,3,,,2,,,102,,,,,,0,,1,,,,
117084,,,,,,,7,,,,,,,,,,197,,,,0,,,,,13,,,,,1,,,2,,,67,,,,,,0,,1,,,,
117091,,,,,,,18,,,,,,,,,,202,,,,0,,,,,18,,,,,0,,,1,,,122,,,,,,0,,2,,,,
117095,,,,,,,11,,,,,,,,,,226,,,,0,,,,,10,,,,,0,,,2,,,95,,,,,,1,,0,,,,
117101,,,,,,,22,,,,,,,,,,331,,,,2,,,,,26,,,,,0,,,1,,,90,,,,,,0,,0,,,,
117104,,,,,,,4,,,,,,,,,,168,,,,0,,,,,11,,,,,0,,,2,,,54,,,,,,0,,0,,,,
117105,,,,,,,1,,,,,,,,,,145,,,,0,,,,,16,,,,,0,,,0,,,55,,,,,,0,,0,,,,
117112,,,,,,,14,,,,,,,,,,223,,,,0,,,,,18,,,,,1,,,2,,,84,,,,,,0,,0,,,,
117136,,,,,,,17,,,,,,,,,,338,,,,0,,,,,14,,,,,0,,,0,,,120,,,,,,0,,0,,,,
117169,,,,,,,0,,,,,,,,,,55,,,,0,,,,,4,,,,,0,,,1,,,19,,,,,,0,,0,,,,
117179,,,,,,,2,,,,,,,,,,36,,,,0,,,,,2,,,,,0,,,0,,,16,,,,,,0,,1,,,,
119001,,,,,,,3,,,,,,,,,,110,,,,0,,,,,15,,,,,1,,,0,,,40,,,,,,0,,0,,,,
119003,,,,,,,6,,,,,,,,,,165,,,,0,,,,,8,,,,,0,,,4,,,51,,,,,,0,,1,,,,
119004,,,,,,,3,,,,,,,,,,139,,,,0,,,,,9,,,,,0,,,4,,,48,,,,,,0,,0,,,,
120001,,,,,,,4,,,,,,,,,,42,,,,0,,,,,9,,,,,0,,,1,,,37,,,,,,0,,1,,,,
121001,,,,,,,21,,,,,,,,,,241,,,,0,,,,,24,,,,,1,,,3,,,116,,,,,,0,,2,,,,
121003,,,,,,,24,,,,,,,,,,196,,,,0,,,,,33,,,,,0,,,4,,,150,,,,,,2,,1,,,,
121007,,,,,,,27,,,,,,,,,,143,,,,0,,,,,17,,,,,0,,,1,,,105,,,,,,0,,0,,,,
123001,,,,,,,1,,,,,,,,,,24,,,,0,,,,,4,,,,,1,,,0,,,18,,,,,,0,,0,,,,
123004,,,,,,,2,,,,,,,,,,123,,,,1,,,,,16,,,,,0,,,1,,,50,,,,,,1,,3,,,,
123005,,,,,,,0,,,,,,,,,,34,,,,0,,,,,6,,,,,0,,,0,,,14,,,,,,0,,0,,,,
124001,,,,,,,8,,,,,,,,,,297,,,,0,,,,,12,,,,,0,,,2,,,92,,,,,,0,,0,,,,
124003,,,,,,,11,,,,,,,,,,271,,,,0,,,,,13,,,,,1,,,2,,,71,,,,,,0,,2,,,,
124004,,,,,,,3,,,,,,,,,,87,,,,1,,,,,11,,,,,0,,,0,,,50,,,,,,0,,0,,,,
124008,,,,,,,5,,,,,,,,,,287,,,,0,,,,,15,,,,,0,,,0,,,92,,,,,,0,,1,,,,
126001,,,,,,,5,,,,,,,,,,251,,,,0,,,,,15,,,,,0,,,1,,,83,,,,,,0,,0,,,,
126002,,,,,,,8,,,,,,,,,,255,,,,0,,,,,17,,,,,1,,,2,,,91,,,,,,0,,0,,,,
126004,,,,,,,11,,,,,,,,,,145,,,,0,,,,,10,,,,,0,,,2,,,77,,,,,,1,,0,,,,
126008,,,,,,,16,,,,,,,,,,265,,,,0,,,,,11,,,,,0,,,0,,,108,,,,,,0,,0,,,,
127001,,,,,,,10,,,,,,,,,,191,,,,0,,,,,22,,,,,0,,,2,,,73,,,,,,0,,2,,,,
127003,,,,,,,5,,,,,,,,,,246,,,,1,,,,,12,,,,,0,,,3,,,83,,,,,,0,,0,,,,
127007,,,,,,,10,,,,,,,,,,123,,,,0,,,,,8,,,,,0,,,0,,,31,,,,,,0,,0,,,,
127008,,,,,,,4,,,,,,,,,,9,,,,0,,,,,1,,,,,0,,,1,,,4,,,,,,0,,0,,,,
128001,,,,,,,4,,,,,,,,,,152,,,,1,,,,,7,,,,,0,,,1,,,66,,,,,,1,,0,,,,
128003,,,,,,,4,,,,,,,,,,297,,,,0,,,,,9,,,,,1,,,5,,,89,,,,,,0,,1,,,,
128005,,,,,,,17,,,,,,,,,,196,,,,1,,,,,12,,,,,2,,,1,,,52,,,,,,0,,0,,,,
128006,,,,,,,42,,,,,,,,,,165,,,,0,,,,,17,,,,,0,,,1,,,142,,,,,,1,,2,,,,
128010,,,,,,,9,,,,,,,,,,138,,,,1,,,,,12,,,,,0,,,0,,,45,,,,,,0,,0,,,,
128012,,,,,,,10,,,,,,,,,,83,,,,1,,,,,7,,,,,0,,,1,,,49,,,,,,0,,0,,,,
128013,,,,,,,3,,,,,,,,,,179,,,,0,,,,,13,,,,,0,,,1,,,60,,,,,,0,,4,,,,
128014,,,,,,,7,,,,,,,,,,230,,,,0,,,,,23,,,,,0,,,1,,,105,,,,,,0,,0,,,,
128016,,,,,,,10,,,,,,,,,,226,,,,0,,,,,8,,,,,0,,,0,,,61,,,,,,0,,0,,,,
128017,,,,,,,18,,,,,,,,,,241,,,,0,,,,,8,,,,,0,,,1,,,68,,,,,,0,,1,,,,
128019,,,,,,,17,,,,,,,,,,210,,,,0,,,,,20,,,,,0,,,0,,,88,,,,,,1,,2,,,,
128026,,,,,,,14,,,,,,,,,,99,,,,0,,,,,10,,,,,0,,,0,,,57,,,,,,0,,2,,,,
128031,,,,,,,11,,,,,,,,,,140,,,,0,,,,,12,,,,,1,,,0,,,64,,,,,,0,,0,,,,
128040,,,,,,,11,,,,,,,,,,222,,,,1,,,,,8,,,,,1,,,0,,,50,,,,,,0,,0,,,,
129001,,,,,,,10,,,,,,,,,,163,,,,0,,,,,15,,,,,1,,,3,,,53,,,,,,1,,1,,,,
129003,,,,,,,5,,,,,,,,,,54,,,,0,,,,,4,,,,,1,,,0,,,32,,,,,,0,,0,,,,
131002,,,,,,,3,,,,,,,,,,16,,,,0,,,,,5,,,,,0,,,0,,,13,,,,,,0,,0,,,,
President of the United States Presidential Preference - DEMOCRATIC,,,,,,,,,,,,,,,,,,,,,,,,,,,,,,,,,,,,,,,,,,,,,,,,,
"Cumulative Totals
Precinct",,,,,,,Pete Buttigieg,,,,,Joseph R. Biden,,,,,,,Tulsi Gabbard,,,,,Mark Stewart Greenstein,,,,,,,,,,,,,,,,,,,,,,,,,
117059,,,,,,,43,,,,,178,,,,,,,6,,,,,0,,,,,,,,,,,,,,,,,,,,,,,,,
117068,,,,,,,35,,,,,,,,,,178,,,,3,,,,,0,,,,,,,,,,,,,,,,,,,,,,,
117069,,,,,,,47,,,,,,,,,,322,,,,9,,,,,0,,,,,,,,,,,,,,,,,,,,,,,
117073,,,,,,,9,,,,,,,,,,57,,,,1,,,,,0,,,,,,,,,,,,,,,,,,,,,,,
117074,,,,,,,65,,,,,,,,,,307,,,,5,,,,,0,,,,,,,,,,,,,,,,,,,,,,,
117076,,,,,,,16,,,,,,,,,,191,,,,3,,,,,0,,,,,,,,,,,,,,,,,,,,,,,
117079,,,,,,,52,,,,,,,,,,177,,,,3,,,,,0,,,,,,,,,,,,,,,,,,,,,,,
117083,,,,,,,36,,,,,,,,,,237,,,,10,,,,,0,,,,,,,,,,,,,,,,,,,,,,,
117084,,,,,,,26,,,,,,,,,,168,,,,2,,,,,0,,,,,,,,,,,,,,,,,,,,,,,
117091,,,,,,,58,,,,,,,,,,230,,,,3,,,,,2,,,,,,,,,,,,,,,,,,,,,,,
117095,,,,,,,35,,,,,,,,,,215,,,,2,,,,,0,,,,,,,,,,,,,,,,,,,,,,,
117101,,,,,,,37,,,,,,,,,,239,,,,6,,,,,0,,,,,,,,,,,,,,,,,,,,,,,
117104,,,,,,,16,,,,,,,,,,148,,,,4,,,,,0,,,,,,,,,,,,,,,,,,,,,,,
117105,,,,,,,10,,,,,,,,,,102,,,,3,,,,,0,,,,,,,,,,,,,,,,,,,,,,,
117112,,,,,,,42,,,,,,,,,,213,,,,1,,,,,0,,,,,,,,,,,,,,,,,,,,,,,
117136,,,,,,,44,,,,,,,,,,297,,,,1,,,,,0,,,,,,,,,,,,,,,,,,,,,,,
117169,,,,,,,2,,,,,,,,,,21,,,,0,,,,,0,,,,,,,,,,,,,,,,,,,,,,,
117179,,,,,,,6,,,,,,,,,,46,,,,1,,,,,0,,,,,,,,,,,,,,,,,,,,,,,
119001,,,,,,,14,,,,,,,,,,108,,,,2,,,,,0,,,,,,,,,,,,,,,,,,,,,,,
119003,,,,,,,15,,,,,,,,,,88,,,,4,,,,,0,,,,,,,,,,,,,,,,,,,,,,,
119004,,,,,,,14,,,,,,,,,,81,,,,4,,,,,0,,,,,,,,,,,,,,,,,,,,,,,
120001,,,,,,,11,,,,,,,,,,80,,,,3,,,,,0,,,,,,,,,,,,,,,,,,,,,,,
121001,,,,,,,35,,,,,,,,,,189,,,,7,,,,,0,,,,,,,,,,,,,,,,,,,,,,,
121003,,,,,,,68,,,,,,,,,,166,,,,9,,,,,1,,,,,,,,,,,,,,,,,,,,,,,
121007,,,,,,,38,,,,,,,,,,172,,,,6,,,,,0,,,,,,,,,,,,,,,,,,,,,,,
123001,,,,,,,4,,,,,,,,,,31,,,,1,,,,,0,,,,,,,,,,,,,,,,,,,,,,,
123004,,,,,,,8,,,,,,,,,,63,,,,3,,,,,0,,,,,,,,,,,,,,,,,,,,,,,
123005,,,,,,,1,,,,,,,,,,14,,,,1,,,,,0,,,,,,,,,,,,,,,,,,,,,,,
124001,,,,,,,22,,,,,,,,,,182,,,,2,,,,,0,,,,,,,,,,,,,,,,,,,,,,,
124003,,,,,,,15,,,,,,,,,,173,,,,7,,,,,2,,,,,,,,,,,,,,,,,,,,,,,
124004,,,,,,,9,,,,,,,,,,64,,,,2,,,,,0,,,,,,,,,,,,,,,,,,,,,,,
124008,,,,,,,18,,,,,,,,,,233,,,,3,,,,,1,,,,,,,,,,,,,,,,,,,,,,,
126001,,,,,,,15,,,,,,,,,,141,,,,6,,,,,0,,,,,,,,,,,,,,,,,,,,,,,
126002,,,,,,,17,,,,,,,,,,121,,,,2,,,,,0,,,,,,,,,,,,,,,,,,,,,,,
126004,,,,,,,22,,,,,,,,,,137,,,,4,,,,,0,,,,,,,,,,,,,,,,,,,,,,,
126008,,,,,,,23,,,,,,,,,,201,,,,3,,,,,0,,,,,,,,,,,,,,,,,,,,,,,
127001,,,,,,,30,,,,,,,,,,140,,,,9,,,,,0,,,,,,,,,,,,,,,,,,,,,,,
127003,,,,,,,19,,,,,,,,,,159,,,,4,,,,,0,,,,,,,,,,,,,,,,,,,,,,,
127007,,,,,,,18,,,,,,,,,,89,,,,3,,,,,0,,,,,,,,,,,,,,,,,,,,,,,
127008,,,,,,,3,,,,,,,,,,17,,,,2,,,,,0,,,,,,,,,,,,,,,,,,,,,,,
128001,,,,,,,23,,,,,,,,,,94,,,,4,,,,,0,,,,,,,,,,,,,,,,,,,,,,,
128003,,,,,,,19,,,,,,,,,,116,,,,1,,,,,0,,,,,,,,,,,,,,,,,,,,,,,
128005,,,,,,,21,,,,,,,,,,128,,,,3,,,,,0,,,,,,,,,,,,,,,,,,,,,,,
128006,,,,,,,52,,,,,,,,,,259,,,,11,,,,,0,,,,,,,,,,,,,,,,,,,,,,,
128010,,,,,,,15,,,,,,,,,,59,,,,3,,,,,0,,,,,,,,,,,,,,,,,,,,,,,
128012,,,,,,,20,,,,,,,,,,95,,,,1,,,,,0,,,,,,,,,,,,,,,,,,,,,,,
128013,,,,,,,15,,,,,,,,,,140,,,,4,,,,,0,,,,,,,,,,,,,,,,,,,,,,,
128014,,,,,,,26,,,,,,,,,,167,,,,4,,,,,0,,,,,,,,,,,,,,,,,,,,,,,
128016,,,,,,,26,,,,,,,,,,144,,,,2,,,,,0,,,,,,,,,,,,,,,,,,,,,,,
128017,,,,,,,34,,,,,,,,,,171,,,,3,,,,,0,,,,,,,,,,,,,,,,,,,,,,,
128019,,,,,,,26,,,,,,,,,,164,,,,4,,,,,0,,,,,,,,,,,,,,,,,,,,,,,
128026,,,,,,,21,,,,,,,,,,104,,,,5,,,,,0,,,,,,,,,,,,,,,,,,,,,,,
128031,,,,,,,24,,,,,,,,,,136,,,,4,,,,,0,,,,,,,,,,,,,,,,,,,,,,,
128040,,,,,,,22,,,,,,,,,,167,,,,7,,,,,0,,,,,,,,,,,,,,,,,,,,,,,
129001,,,,,,,11,,,,,,,,,,94,,,,1,,,,,0,,,,,,,,,,,,,,,,,,,,,,,
129003,,,,,,,8,,,,,,,,,,60,,,,2,,,,,3,,,,,,,,,,,,,,,,,,,,,,,
131002,,,,,,,2,,,,,,,,,,7,,,,0,,,,,0,,,,,,,,,,,,,,,,,,,,,,,
President of the United States Presidential Preference - DEMOCRATIC,,,,,,,,,,,,,,,,,,,,,,,,,,,,,,,,,,,,,,,,,,,,,,,,,
"Cumulative Totals
Precinct",,,,,,,Party Member Registration,,,Party Member Ballots Cast,,,,,,Turnout (%),,,Declined to State Voter Ballots Cast,,,Julián Castro,,,,,Michael A. Ellinger,,,,,Elizabeth Warren,,,Marianne Williamson,,,Andrew Yang,,,,"Roque ""Rocky"" De La Fuente III",,,,John K. Delaney,,,
131003,,,,,,,92,,,57,,,,,,62.0,,,0,,,0,,,,,0,,,,,6,,,0,,,1,,,,0,,,,0,,,
131005,,,,,,,134,,,77,,,,,,57.5,,,4,,,2,,,,,0,,,,,6,,,0,,,0,,,,1,,,,0,,,
132002,,,,,,,511,,,279,,,,,,54.6,,,42,,,0,,,,,0,,,,,27,,,0,,,3,,,,1,,,,0,,,
901001,,,,,,,17,,,8,,,,,,47.1,,,3,,,0,,,,,0,,,,,0,,,0,,,1,,,,0,,,,0,,,
902007,,,,,,,79,,,38,,,,,,48.1,,,5,,,0,,,,,0,,,,,4,,,0,,,0,,,,0,,,,0,,,
902010,,,,,,,58,,,28,,,,,,48.3,,,1,,,0,,,,,0,,,,,5,,,0,,,0,,,,0,,,,0,,,
903011,,,,,,,89,,,31,,,,,,34.8,,,0,,,0,,,,,1,,,,,0,,,0,,,1,,,,0,,,,0,,,
903027,,,,,,,0,,,0,,,,,,0.0,,,0,,,0,,,,,0,,,,,0,,,0,,,0,,,,0,,,,0,,,
903047,,,,,,,5,,,2,,,,,,40.0,,,0,,,0,,,,,0,,,,,0,,,0,,,0,,,,0,,,,0,,,
904002,,,,,,,67,,,30,,,,,,44.8,,,3,,,0,,,,,0,,,,,2,,,0,,,0,,,,0,,,,0,,,
905005,,,,,,,81,,,49,,,,,,60.5,,,0,,,1,,,,,0,,,,,0,,,0,,,0,,,,1,,,,0,,,
906002,,,,,,,61,,,34,,,,,,55.7,,,1,,,0,,,,,0,,,,,1,,,0,,,0,,,,0,,,,0,,,
906008,,,,,,,46,,,22,,,,,,47.8,,,2,,,1,,,,,0,,,,,7,,,0,,,0,,,,0,,,,0,,,
906010,,,,,,,47,,,21,,,,,,44.7,,,7,,,0,,,,,0,,,,,2,,,0,,,0,,,,0,,,,0,,,
906016,,,,,,,4,,,3,,,,,,75.0,,,1,,,0,,,,,0,,,,,0,,,0,,,0,,,,0,,,,0,,,
907001,,,,,,,21,,,12,,,,,,57.1,,,1,,,0,,,,,0,,,,,3,,,0,,,0,,,,0,,,,0,,,
907010,,,,,,,66,,,48,,,,,,72.7,,,5,,,0,,,,,0,,,,,6,,,0,,,0,,,,0,,,,0,,,
907011,,,,,,,70,,,46,,,,,,65.7,,,3,,,0,,,,,0,,,,,3,,,0,,,0,,,,0,,,,0,,,
908001,,,,,,,6,,,2,,,,,,33.3,,,0,,,0,,,,,0,,,,,2,,,0,,,0,,,,0,,,,0,,,
908003,,,,,,,2,,,0,,,,,,0.0,,,0,,,0,,,,,0,,,,,0,,,0,,,0,,,,0,,,,0,,,
910003,,,,,,,72,,,27,,,,,,37.5,,,1,,,0,,,,,0,,,,,0,,,0,,,1,,,,0,,,,0,,,
910017,,,,,,,78,,,31,,,,,,39.7,,,2,,,0,,,,,1,,,,,3,,,0,,,0,,,,0,,,,0,,,
911010,,,,,,,0,,,0,,,,,,0.0,,,0,,,0,,,,,0,,,,,0,,,0,,,0,,,,0,,,,0,,,
912003,,,,,,,92,,,40,,,,,,43.5,,,3,,,0,,,,,0,,,,,2,,,1,,,0,,,,0,,,,0,,,
912004,,,,,,,107,,,41,,,,,,38.3,,,4,,,0,,,,,0,,,,,2,,,0,,,1,,,,0,,,,0,,,
913002,,,,,,,60,,,36,,,,,,60.0,,,6,,,0,,,,,0,,,,,3,,,0,,,0,,,,0,,,,0,,,
914004,,,,,,,0,,,0,,,,,,0.0,,,0,,,0,,,,,0,,,,,0,,,0,,,0,,,,0,,,,0,,,
916002,,,,,,,22,,,16,,,,,,72.7,,,1,,,0,,,,,0,,,,,3,,,0,,,0,,,,0,,,,0,,,
917012,,,,,,,62,,,22,,,,,,35.5,,,0,,,0,,,,,0,,,,,3,,,0,,,0,,,,0,,,,0,,,
917049,,,,,,,59,,,19,,,,,,32.2,,,1,,,1,,,,,0,,,,,1,,,0,,,0,,,,0,,,,0,,,
917087,,,,,,,16,,,4,,,,,,25.0,,,1,,,0,,,,,0,,,,,1,,,0,,,0,,,,0,,,,1,,,
917167,,,,,,,0,,,0,,,,,,0.0,,,0,,,0,,,,,0,,,,,0,,,0,,,0,,,,0,,,,0,,,
917191,,,,,,,16,,,8,,,,,,50.0,,,1,,,0,,,,,0,,,,,0,,,0,,,0,,,,0,,,,0,,,
917194,,,,,,,0,,,0,,,,,,0.0,,,0,,,0,,,,,0,,,,,0,,,0,,,0,,,,0,,,,0,,,
917196,,,,,,,0,,,0,,,,,,0.0,,,0,,,0,,,,,0,,,,,0,,,0,,,0,,,,0,,,,0,,,
917212,,,,,,,2,,,1,,,,,,50.0,,,0,,,0,,,,,0,,,,,0,,,0,,,0,,,,0,,,,0,,,
917214,,,,,,,0,,,0,,,,,,0.0,,,0,,,0,,,,,0,,,,,0,,,0,,,0,,,,0,,,,0,,,
918003,,,,,,,46,,,20,,,,,,43.5,,,3,,,1,,,,,0,,,,,1,,,0,,,0,,,,0,,,,0,,,
919009,,,,,,,0,,,0,,,,,,0.0,,,0,,,0,,,,,0,,,,,0,,,0,,,0,,,,0,,,,0,,,
921009,,,,,,,14,,,9,,,,,,64.3,,,3,,,0,,,,,0,,,,,2,,,0,,,1,,,,0,,,,0,,,
923004,,,,,,,83,,,29,,,,,,34.9,,,1,,,0,,,,,0,,,,,3,,,0,,,0,,,,0,,,,0,,,
923015,,,,,,,37,,,17,,,,,,45.9,,,3,,,1,,,,,0,,,,,1,,,0,,,0,,,,0,,,,0,,,
923020,,,,,,,122,,,36,,,,,,29.5,,,1,,,0,,,,,0,,,,,6,,,0,,,0,,,,0,,,,0,,,
923022,,,,,,,20,,,7,,,,,,35.0,,,0,,,0,,,,,0,,,,,0,,,0,,,0,,,,0,,,,0,,,
924007,,,,,,,0,,,0,,,,,,0.0,,,0,,,0,,,,,0,,,,,0,,,0,,,0,,,,0,,,,0,,,
927011,,,,,,,7,,,3,,,,,,42.9,,,0,,,0,,,,,0,,,,,0,,,1,,,0,,,,0,,,,0,,,
928021,,,,,,,18,,,11,,,,,,61.1,,,1,,,0,,,,,0,,,,,1,,,0,,,0,,,,0,,,,0,,,
928023,,,,,,,42,,,26,,,,,,61.9,,,0,,,0,,,,,0,,,,,4,,,0,,,0,,,,0,,,,0,,,
928067,,,,,,,0,,,0,,,,,,0.0,,,0,,,0,,,,,0,,,,,0,,,0,,,0,,,,0,,,,0,,,
930003,,,,,,,53,,,25,,,,,,47.2,,,1,,,0,,,,,0,,,,,0,,,0,,,0,,,,0,,,,0,,,
932006,,,,,,,2,,,1,,,,,,50.0,,,0,,,0,,,,,0,,,,,1,,,0,,,0,,,,0,,,,0,,,
"Mail Precinct Totals Vote By Mail Totals Election Day Totals
Grand Totals",,,,,,,"99,356
99,356
99,356
99,356",,,"832
40,582
7,242
48,656",,,,,,"0.8
40.8
7.3
49.0",,,"68
3,224
1,086
4,378",,,"5
134
24
163",,,,,"2
25
4
31",,,,,"75
3,157
556
3,788",,,"2
39
8
49",,,"5
302
18
325",,,,"1
61
19
81",,,,"1
33
7
41",,,
President of the United States Presidential Preference - DEMOCRATIC,,,,,,,,,,,,,,,,,,,,,,,,,,,,,,,,,,,,,,,,,,,,,,,,,
"Cumulative Totals
Precinct",,,,,,,Amy Klobuchar,,,,,Bernie Sanders,,,,,,,Joe Sestak,,,,,Tom Steyer,,,,Deval Patrick,,,,,Michael Bennet,,,Michael R. Bloomberg,,,,Mosie Boyd,,,,Cory Booker,,,,,
131003,,,,,,,1,,,,,,,,,,11,,,,0,,,,,5,,,,,0,,,0,,,14,,,,0,,,,0,,,,
131005,,,,,,,2,,,,,,,,,,24,,,,0,,,,,3,,,,,0,,,0,,,17,,,,0,,,,0,,,,
132002,,,,,,,19,,,,,,,,,,86,,,,0,,,,,5,,,,,0,,,0,,,70,,,,0,,,,0,,,,
901001,,,,,,,2,,,,,,,,,,3,,,,0,,,,,0,,,,,0,,,0,,,0,,,,0,,,,0,,,,
902007,,,,,,,3,,,,,,,,,,12,,,,0,,,,,2,,,,,0,,,0,,,7,,,,0,,,,0,,,,
902010,,,,,,,0,,,,,,,,,,13,,,,0,,,,,2,,,,,0,,,0,,,2,,,,0,,,,0,,,,
903011,,,,,,,0,,,,,,,,,,17,,,,1,,,,,1,,,,,0,,,0,,,3,,,,0,,,,0,,,,
903027,,,,,,,0,,,,,,,,,,0,,,,0,,,,,0,,,,,0,,,0,,,0,,,,0,,,,0,,,,
903047,,,,,,,0,,,,,,,,,,2,,,,0,,,,,0,,,,,0,,,0,,,0,,,,0,,,,0,,,,
904002,,,,,,,0,,,,,,,,,,12,,,,0,,,,,0,,,,,0,,,0,,,0,,,,0,,,,0,,,,
905005,,,,,,,4,,,,,,,,,,10,,,,0,,,,,4,,,,,0,,,0,,,12,,,,0,,,,0,,,,
906002,,,,,,,0,,,,,,,,,,14,,,,0,,,,,0,,,,,0,,,0,,,3,,,,0,,,,0,,,,
906008,,,,,,,1,,,,,,,,,,8,,,,0,,,,,0,,,,,0,,,0,,,3,,,,0,,,,0,,,,
906010,,,,,,,0,,,,,,,,,,10,,,,0,,,,,1,,,,,0,,,0,,,4,,,,0,,,,0,,,,
906016,,,,,,,0,,,,,,,,,,1,,,,0,,,,,0,,,,,0,,,0,,,1,,,,0,,,,0,,,,
907001,,,,,,,0,,,,,,,,,,2,,,,0,,,,,0,,,,,0,,,0,,,2,,,,0,,,,0,,,,
907010,,,,,,,3,,,,,,,,,,13,,,,0,,,,,3,,,,,0,,,0,,,12,,,,0,,,,0,,,,
907011,,,,,,,4,,,,,,,,,,9,,,,0,,,,,3,,,,,0,,,1,,,9,,,,0,,,,1,,,,
908001,,,,,,,0,,,,,,,,,,0,,,,0,,,,,0,,,,,0,,,0,,,0,,,,0,,,,0,,,,
908003,,,,,,,0,,,,,,,,,,0,,,,0,,,,,0,,,,,0,,,0,,,0,,,,0,,,,0,,,,
910003,,,,,,,1,,,,,,,,,,10,,,,0,,,,,1,,,,,0,,,0,,,6,,,,0,,,,0,,,,
910017,,,,,,,0,,,,,,,,,,11,,,,0,,,,,3,,,,,0,,,0,,,2,,,,0,,,,0,,,,
911010,,,,,,,0,,,,,,,,,,0,,,,0,,,,,0,,,,,0,,,0,,,0,,,,0,,,,0,,,,
912003,,,,,,,0,,,,,,,,,,18,,,,1,,,,,0,,,,,0,,,0,,,10,,,,0,,,,0,,,,
912004,,,,,,,4,,,,,,,,,,14,,,,0,,,,,4,,,,,0,,,0,,,10,,,,0,,,,0,,,,
913002,,,,,,,0,,,,,,,,,,9,,,,0,,,,,0,,,,,0,,,0,,,13,,,,0,,,,0,,,,
914004,,,,,,,0,,,,,,,,,,0,,,,0,,,,,0,,,,,0,,,0,,,0,,,,0,,,,0,,,,
916002,,,,,,,0,,,,,,,,,,2,,,,0,,,,,0,,,,,0,,,0,,,1,,,,0,,,,0,,,,
917012,,,,,,,0,,,,,,,,,,9,,,,0,,,,,0,,,,,0,,,0,,,6,,,,0,,,,0,,,,
917049,,,,,,,0,,,,,,,,,,8,,,,0,,,,,0,,,,,0,,,0,,,5,,,,0,,,,0,,,,
917087,,,,,,,0,,,,,,,,,,3,,,,0,,,,,0,,,,,0,,,0,,,0,,,,0,,,,0,,,,
917167,,,,,,,0,,,,,,,,,,0,,,,0,,,,,0,,,,,0,,,0,,,0,,,,0,,,,0,,,,
917191,,,,,,,0,,,,,,,,,,4,,,,0,,,,,0,,,,,0,,,0,,,2,,,,0,,,,0,,,,
917194,,,,,,,0,,,,,,,,,,0,,,,0,,,,,0,,,,,0,,,0,,,0,,,,0,,,,0,,,,
917196,,,,,,,0,,,,,,,,,,0,,,,0,,,,,0,,,,,0,,,0,,,0,,,,0,,,,0,,,,
917212,,,,,,,0,,,,,,,,,,1,,,,0,,,,,0,,,,,0,,,0,,,0,,,,0,,,,0,,,,
917214,,,,,,,0,,,,,,,,,,0,,,,0,,,,,0,,,,,0,,,0,,,0,,,,0,,,,0,,,,
918003,,,,,,,2,,,,,,,,,,5,,,,0,,,,,2,,,,,0,,,0,,,4,,,,0,,,,0,,,,
919009,,,,,,,0,,,,,,,,,,0,,,,0,,,,,0,,,,,0,,,0,,,0,,,,0,,,,0,,,,
921009,,,,,,,0,,,,,,,,,,3,,,,0,,,,,0,,,,,0,,,0,,,1,,,,0,,,,0,,,,
923004,,,,,,,0,,,,,,,,,,6,,,,1,,,,,1,,,,,0,,,0,,,1,,,,0,,,,0,,,,
923015,,,,,,,4,,,,,,,,,,2,,,,0,,,,,1,,,,,0,,,0,,,2,,,,0,,,,0,,,,
923020,,,,,,,0,,,,,,,,,,15,,,,0,,,,,2,,,,,0,,,0,,,5,,,,0,,,,0,,,,
923022,,,,,,,0,,,,,,,,,,3,,,,0,,,,,0,,,,,0,,,1,,,0,,,,0,,,,0,,,,
924007,,,,,,,0,,,,,,,,,,0,,,,0,,,,,0,,,,,0,,,0,,,0,,,,0,,,,0,,,,
927011,,,,,,,0,,,,,,,,,,0,,,,0,,,,,0,,,,,0,,,0,,,0,,,,0,,,,0,,,,
928021,,,,,,,1,,,,,,,,,,0,,,,0,,,,,1,,,,,0,,,0,,,6,,,,0,,,,0,,,,
928023,,,,,,,0,,,,,,,,,,4,,,,0,,,,,0,,,,,0,,,0,,,1,,,,0,,,,0,,,,
928067,,,,,,,0,,,,,,,,,,0,,,,0,,,,,0,,,,,0,,,0,,,0,,,,0,,,,0,,,,
930003,,,,,,,0,,,,,,,,,,17,,,,0,,,,,0,,,,,0,,,0,,,1,,,,0,,,,0,,,,
932006,,,,,,,0,,,,,,,,,,0,,,,0,,,,,0,,,,,0,,,0,,,0,,,,0,,,,0,,,,
Mail Precinct Totals,,,,,,,32,,,,,,,,,,279,,,,3,,,,,32,,,,,0,,,2,,,140,,,,0,,,,1,,,,
Vote By Mail Totals,,,,,,,"1,120",,,,,,,,,,"15,134",,,,33,,,,,"1,449",,,,,37,,,112,,,"6,804",,,,17,,,,57,,,,
Election Day Totals,,,,,,,21,,,,,,,,,,"3,246",,,,9,,,,,80,,,,,5,,,21,,,894,,,,4,,,,8,,,,
Grand Totals,,,,,,,"1,173",,,,,,,,,,"18,659",,,,45,,,,,"1,561",,,,,42,,,135,,,"7,838",,,,21,,,,66,,,,
President of the United States Presidential Preference - DEMOCRATIC,,,,,,,,,,,,,,,,,,,,,,,,,,,,,,,,,,,,,,,,,,,,,,,,,
"Cumulative Totals
Precinct",,,,,,,Pete Buttigieg,,,,,Joseph R. Biden,,,,,,,Tulsi Gabbard,,,,,Mark Stewart Greenstein,,,,,,,,,,,,,,,,,,,,,,,,,
131003,,,,,,,3,,,,,,,,,,12,,,,1,,,,,0,,,,,,,,,,,,,,,,,,,,,,,
131005,,,,,,,2,,,,,,,,,,20,,,,1,,,,,0,,,,,,,,,,,,,,,,,,,,,,,
132002,,,,,,,13,,,,,,,,,,83,,,,7,,,,,0,,,,,,,,,,,,,,,,,,,,,,,
901001,,,,,,,2,,,,,,,,,,2,,,,0,,,,,0,,,,,,,,,,,,,,,,,,,,,,,
902007,,,,,,,3,,,,,,,,,,11,,,,1,,,,,0,,,,,,,,,,,,,,,,,,,,,,,
902010,,,,,,,3,,,,,,,,,,4,,,,0,,,,,0,,,,,,,,,,,,,,,,,,,,,,,
903011,,,,,,,0,,,,,,,,,,4,,,,0,,,,,0,,,,,,,,,,,,,,,,,,,,,,,
903027,,,,,,,0,,,,,,,,,,0,,,,0,,,,,0,,,,,,,,,,,,,,,,,,,,,,,
903047,,,,,,,0,,,,,,,,,,0,,,,0,,,,,0,,,,,,,,,,,,,,,,,,,,,,,
904002,,,,,,,2,,,,,,,,,,11,,,,1,,,,,0,,,,,,,,,,,,,,,,,,,,,,,
905005,,,,,,,2,,,,,,,,,,12,,,,1,,,,,0,,,,,,,,,,,,,,,,,,,,,,,
906002,,,,,,,4,,,,,,,,,,12,,,,0,,,,,0,,,,,,,,,,,,,,,,,,,,,,,
906008,,,,,,,0,,,,,,,,,,3,,,,0,,,,,0,,,,,,,,,,,,,,,,,,,,,,,
906010,,,,,,,4,,,,,,,,,,7,,,,0,,,,,0,,,,,,,,,,,,,,,,,,,,,,,
906016,,,,,,,1,,,,,,,,,,1,,,,0,,,,,0,,,,,,,,,,,,,,,,,,,,,,,
907001,,,,,,,0,,,,,,,,,,5,,,,0,,,,,0,,,,,,,,,,,,,,,,,,,,,,,
907010,,,,,,,6,,,,,,,,,,10,,,,0,,,,,0,,,,,,,,,,,,,,,,,,,,,,,
907011,,,,,,,8,,,,,,,,,,11,,,,0,,,,,0,,,,,,,,,,,,,,,,,,,,,,,
908001,,,,,,,0,,,,,,,,,,0,,,,0,,,,,0,,,,,,,,,,,,,,,,,,,,,,,
908003,,,,,,,0,,,,,,,,,,0,,,,0,,,,,0,,,,,,,,,,,,,,,,,,,,,,,
910003,,,,,,,2,,,,,,,,,,7,,,,0,,,,,0,,,,,,,,,,,,,,,,,,,,,,,
910017,,,,,,,4,,,,,,,,,,7,,,,0,,,,,0,,,,,,,,,,,,,,,,,,,,,,,
911010,,,,,,,0,,,,,,,,,,0,,,,0,,,,,0,,,,,,,,,,,,,,,,,,,,,,,
912003,,,,,,,3,,,,,,,,,,8,,,,0,,,,,0,,,,,,,,,,,,,,,,,,,,,,,
912004,,,,,,,0,,,,,,,,,,7,,,,0,,,,,0,,,,,,,,,,,,,,,,,,,,,,,
913002,,,,,,,7,,,,,,,,,,5,,,,1,,,,,0,,,,,,,,,,,,,,,,,,,,,,,
914004,,,,,,,0,,,,,,,,,,0,,,,0,,,,,0,,,,,,,,,,,,,,,,,,,,,,,
916002,,,,,,,2,,,,,,,,,,7,,,,0,,,,,0,,,,,,,,,,,,,,,,,,,,,,,
917012,,,,,,,0,,,,,,,,,,4,,,,0,,,,,0,,,,,,,,,,,,,,,,,,,,,,,
917049,,,,,,,0,,,,,,,,,,5,,,,0,,,,,0,,,,,,,,,,,,,,,,,,,,,,,
917087,,,,,,,0,,,,,,,,,,0,,,,0,,,,,0,,,,,,,,,,,,,,,,,,,,,,,
917167,,,,,,,0,,,,,,,,,,0,,,,0,,,,,0,,,,,,,,,,,,,,,,,,,,,,,
917191,,,,,,,0,,,,,,,,,,3,,,,0,,,,,0,,,,,,,,,,,,,,,,,,,,,,,
917194,,,,,,,0,,,,,,,,,,0,,,,0,,,,,0,,,,,,,,,,,,,,,,,,,,,,,
917196,,,,,,,0,,,,,,,,,,0,,,,0,,,,,0,,,,,,,,,,,,,,,,,,,,,,,
917212,,,,,,,0,,,,,,,,,,0,,,,0,,,,,0,,,,,,,,,,,,,,,,,,,,,,,
917214,,,,,,,0,,,,,,,,,,0,,,,0,,,,,0,,,,,,,,,,,,,,,,,,,,,,,
918003,,,,,,,2,,,,,,,,,,2,,,,2,,,,,0,,,,,,,,,,,,,,,,,,,,,,,
919009,,,,,,,0,,,,,,,,,,0,,,,0,,,,,0,,,,,,,,,,,,,,,,,,,,,,,
921009,,,,,,,0,,,,,,,,,,4,,,,0,,,,,0,,,,,,,,,,,,,,,,,,,,,,,
923004,,,,,,,0,,,,,,,,,,15,,,,1,,,,,0,,,,,,,,,,,,,,,,,,,,,,,
923015,,,,,,,1,,,,,,,,,,6,,,,2,,,,,0,,,,,,,,,,,,,,,,,,,,,,,
923020,,,,,,,2,,,,,,,,,,7,,,,0,,,,,0,,,,,,,,,,,,,,,,,,,,,,,
923022,,,,,,,0,,,,,,,,,,3,,,,0,,,,,0,,,,,,,,,,,,,,,,,,,,,,,
924007,,,,,,,0,,,,,,,,,,0,,,,0,,,,,0,,,,,,,,,,,,,,,,,,,,,,,
927011,,,,,,,2,,,,,,,,,,0,,,,0,,,,,0,,,,,,,,,,,,,,,,,,,,,,,
928021,,,,,,,1,,,,,,,,,,1,,,,0,,,,,0,,,,,,,,,,,,,,,,,,,,,,,
928023,,,,,,,0,,,,,,,,,,15,,,,0,,,,,0,,,,,,,,,,,,,,,,,,,,,,,
928067,,,,,,,0,,,,,,,,,,0,,,,0,,,,,0,,,,,,,,,,,,,,,,,,,,,,,
930003,,,,,,,1,,,,,,,,,,5,,,,0,,,,,0,,,,,,,,,,,,,,,,,,,,,,,
932006,,,,,,,0,,,,,,,,,,0,,,,0,,,,,0,,,,,,,,,,,,,,,,,,,,,,,
Mail Precinct Totals,,,,,,,64,,,,,,,,,,210,,,,10,,,,,0,,,,,,,,,,,,,,,,,,,,,,,
Vote By Mail Totals,,,,,,,"2,446",,,,,,,,,,"10,965",,,,334,,,,,14,,,,,,,,,,,,,,,,,,,,,,,
Election Day Totals,,,,,,,29,,,,,,,,,,"3,119",,,,63,,,,,3,,,,,,,,,,,,,,,,,,,,,,,
Grand Totals,,,,,,,"2,539",,,,,,,,,,"14,294",,,,407,,,,,17,,,,,,,,,,,,,,,,,,,,,,,