PRESIDENTIAL PREFERENCE - Democratic,,,,,,,,,,,,,,,,,,,,,,,,,,,,,,,,,,,,,,,,
"Cumulative Totals
Precinct",,,,,Party Member Registration,,Party Member Ballots Cast,,,Turnout (%),,Declined to State Voter Ballots Cast,,JULIÁN CASTRO,,,MICHAEL A. ELLINGER,,,ELIZABETH WARREN,,,MARIANNE WILLIAMSON,,,ANDREW YANG,,,"ROQUE ""ROCKY"" DE LA FUENTE III",,,,,JOHN K. DELANEY,,,,,,
11101,,,,,"1,189",,477,,,40.1,,23,,6,,,0,,,15,,,0,,,1,,,0,,,,,3,,,,,,
11102,,,,,"1,090",,459,,,42.1,,14,,6,,,1,,,8,,,0,,,5,,,2,,,,,0,,,,,,
11103,,,,,"1,467",,536,,,36.5,,16,,8,,,0,,,27,,,0,,,9,,,1,,,,,0,,,,,,
11105,,,,,"1,501",,582,,,38.8,,14,,1,,,0,,,18,,,0,,,12,,,1,,,,,0,,,,,,
11107,,,,,"1,222",,501,,,41.0,,10,,10,,,1,,,20,,,1,,,9,,,0,,,,,0,,,,,,
11108,,,,,"1,294",,440,,,34.0,,22,,7,,,0,,,20,,,1,,,2,,,1,,,,,0,,,,,,
11109,,,,,853,,339,,,39.7,,11,,2,,,0,,,13,,,0,,,0,,,5,,,,,0,,,,,,
11111,,,,,738,,353,,,47.8,,11,,0,,,0,,,14,,,2,,,1,,,1,,,,,0,,,,,,
11112,,,,,"1,299",,439,,,33.8,,32,,5,,,0,,,19,,,1,,,0,,,2,,,,,0,,,,,,
11114,,,,,"1,459",,779,,,53.4,,67,,1,,,1,,,71,,,2,,,4,,,2,,,,,1,,,,,,
11115,,,,,"1,157",,477,,,41.2,,22,,6,,,0,,,25,,,0,,,6,,,2,,,,,1,,,,,,
11117,,,,,"1,211",,400,,,33.0,,4,,1,,,0,,,31,,,0,,,3,,,0,,,,,0,,,,,,
11118,,,,,"1,033",,466,,,45.1,,24,,0,,,0,,,18,,,0,,,6,,,0,,,,,0,,,,,,
11120,,,,,"1,085",,443,,,40.8,,17,,2,,,1,,,22,,,0,,,4,,,0,,,,,0,,,,,,
11124,,,,,188,,92,,,48.9,,2,,0,,,0,,,6,,,0,,,0,,,0,,,,,0,,,,,,
11127,,,,,870,,365,,,42.0,,22,,3,,,1,,,14,,,0,,,1,,,0,,,,,1,,,,,,
11130,,,,,215,,90,,,41.9,,3,,0,,,0,,,10,,,0,,,0,,,0,,,,,0,,,,,,
11137,,,,,984,,462,,,47.0,,11,,1,,,1,,,27,,,0,,,0,,,0,,,,,0,,,,,,
11142,,,,,"1,309",,621,,,47.4,,22,,0,,,0,,,40,,,0,,,1,,,0,,,,,1,,,,,,
11149,,,,,561,,339,,,60.4,,22,,0,,,0,,,35,,,0,,,1,,,1,,,,,1,,,,,,
11151,,,,,"1,279",,639,,,50.0,,23,,2,,,1,,,55,,,1,,,7,,,0,,,,,0,,,,,,
11166,,,,,931,,404,,,43.4,,6,,2,,,0,,,27,,,0,,,1,,,1,,,,,0,,,,,,
11201,,,,,591,,309,,,52.3,,93,,0,,,0,,,24,,,0,,,1,,,1,,,,,0,,,,,,
11202,,,,,911,,521,,,57.2,,13,,1,,,0,,,57,,,0,,,3,,,1,,,,,0,,,,,,
11203,,,,,557,,405,,,72.7,,17,,0,,,0,,,24,,,0,,,1,,,0,,,,,0,,,,,,
11205,,,,,190,,129,,,67.9,,20,,0,,,0,,,17,,,0,,,0,,,1,,,,,0,,,,,,
11206,,,,,477,,338,,,70.9,,33,,1,,,1,,,31,,,0,,,4,,,0,,,,,0,,,,,,
11208,,,,,978,,440,,,45.0,,8,,2,,,0,,,33,,,0,,,2,,,0,,,,,0,,,,,,
11209,,,,,715,,464,,,64.9,,25,,0,,,0,,,48,,,0,,,3,,,1,,,,,1,,,,,,
11211,,,,,850,,357,,,42.0,,16,,1,,,0,,,30,,,0,,,3,,,0,,,,,0,,,,,,
11212,,,,,338,,153,,,45.3,,9,,1,,,0,,,4,,,0,,,5,,,0,,,,,0,,,,,,
11214,,,,,"1,369",,464,,,33.9,,17,,2,,,1,,,19,,,1,,,8,,,1,,,,,1,,,,,,
11215,,,,,"1,518",,611,,,40.3,,36,,0,,,0,,,32,,,3,,,6,,,1,,,,,1,,,,,,
11217,,,,,"1,023",,770,,,75.3,,42,,3,,,0,,,119,,,0,,,3,,,0,,,,,0,,,,,,
11218,,,,,"1,152",,502,,,43.6,,12,,1,,,3,,,16,,,0,,,15,,,0,,,,,0,,,,,,
11219,,,,,538,,430,,,79.9,,20,,2,,,0,,,39,,,0,,,4,,,0,,,,,0,,,,,,
11220,,,,,972,,543,,,55.9,,39,,0,,,1,,,30,,,1,,,5,,,1,,,,,0,,,,,,
11221,,,,,921,,503,,,54.6,,21,,1,,,0,,,32,,,0,,,1,,,0,,,,,0,,,,,,
11224,,,,,806,,420,,,52.1,,44,,3,,,0,,,46,,,2,,,2,,,2,,,,,0,,,,,,
11226,,,,,906,,417,,,46.0,,10,,1,,,0,,,20,,,0,,,1,,,0,,,,,0,,,,,,
11227,,,,,"1,087",,611,,,56.2,,28,,2,,,1,,,41,,,0,,,5,,,3,,,,,0,,,,,,
11230,,,,,227,,147,,,64.8,,6,,1,,,0,,,18,,,0,,,1,,,1,,,,,1,,,,,,
11234,,,,,"1,584",,674,,,42.6,,26,,2,,,0,,,22,,,0,,,7,,,0,,,,,0,,,,,,
11235,,,,,"1,197",,484,,,40.4,,12,,1,,,1,,,44,,,0,,,2,,,0,,,,,0,,,,,,
11249,,,,,"1,203",,545,,,45.3,,27,,1,,,1,,,44,,,1,,,12,,,0,,,,,0,,,,,,
11253,,,,,633,,286,,,45.2,,16,,2,,,0,,,6,,,1,,,7,,,0,,,,,0,,,,,,
11258,,,,,"1,264",,558,,,44.1,,22,,0,,,1,,,27,,,0,,,6,,,1,,,,,0,,,,,,
11259,,,,,271,,159,,,58.7,,2,,0,,,0,,,11,,,1,,,0,,,0,,,,,1,,,,,,
11265,,,,,351,,181,,,51.6,,8,,0,,,0,,,17,,,0,,,2,,,0,,,,,1,,,,,,
11266,,,,,860,,374,,,43.5,,28,,3,,,1,,,23,,,1,,,9,,,1,,,,,0,,,,,,
11270,,,,,615,,264,,,42.9,,6,,0,,,0,,,12,,,0,,,4,,,0,,,,,0,,,,,,
11275,,,,,994,,490,,,49.3,,11,,4,,,0,,,25,,,0,,,6,,,0,,,,,0,,,,,,
11292,,,,,519,,182,,,35.1,,8,,0,,,0,,,11,,,0,,,0,,,0,,,,,0,,,,,,
11302,,,,,"1,030",,535,,,51.9,,22,,4,,,0,,,26,,,0,,,5,,,0,,,,,1,,,,,,
11303,,,,,623,,331,,,53.1,,31,,1,,,1,,,24,,,0,,,7,,,2,,,,,0,,,,,,
11304,,,,,929,,638,,,68.7,,29,,3,,,0,,,48,,,0,,,4,,,0,,,,,0,,,,,,
11305,,,,,551,,408,,,74.0,,24,,,,,,,,,,,,,,,,,,,,,,,,,,,,
PRESIDENTIAL PREFERENCE - Democratic,,,,,,,,,,,,,,,,,,,,,,,,,,,,,,,,,,,,,,,,
"Cumulative Totals
Precinct",,,,,AMY KLOBUCHAR,,,,BERNIE SANDERS,,,JOE SESTAK,,,TOM STEYER,,,DEVAL PATRICK,,,MICHAEL BENNET,,,MICHAEL R. BLOOMBERG,,,MOSIE BOYD,,,CORY BOOKER,,,,,,,,,,
11101,,,,,,2,,,,,203,,1,,,16,,,1,,,2,,,83,,,0,,,2,,,,,,,,,
11102,,,,,,0,,,,,193,,0,,,12,,,0,,,4,,,80,,,0,,,1,,,,,,,,,
11103,,,,,,6,,,,,218,,0,,,13,,,0,,,3,,,94,,,0,,,2,,,,,,,,,
11105,,,,,,3,,,,,204,,0,,,17,,,1,,,8,,,128,,,0,,,0,,,,,,,,,
11107,,,,,,2,,,,,198,,1,,,14,,,0,,,8,,,81,,,0,,,1,,,,,,,,,
11108,,,,,,0,,,,,173,,0,,,19,,,0,,,8,,,102,,,0,,,0,,,,,,,,,
11109,,,,,,3,,,,,117,,0,,,17,,,1,,,1,,,47,,,1,,,1,,,,,,,,,
11111,,,,,,5,,,,,136,,0,,,14,,,0,,,5,,,51,,,0,,,0,,,,,,,,,
11112,,,,,,2,,,,,166,,3,,,17,,,0,,,4,,,86,,,0,,,1,,,,,,,,,
11114,,,,,,13,,,,,255,,1,,,32,,,0,,,2,,,125,,,0,,,4,,,,,,,,,
11115,,,,,,1,,,,,221,,1,,,19,,,0,,,1,,,68,,,0,,,1,,,,,,,,,
11117,,,,,,7,,,,,127,,0,,,21,,,0,,,1,,,75,,,2,,,2,,,,,,,,,
11118,,,,,,1,,,,,171,,1,,,12,,,0,,,5,,,83,,,0,,,2,,,,,,,,,
11120,,,,,,2,,,,,176,,0,,,15,,,0,,,8,,,73,,,2,,,2,,,,,,,,,
11124,,,,,,1,,,,,33,,0,,,9,,,0,,,1,,,14,,,0,,,0,,,,,,,,,
11127,,,,,,0,,,,,176,,1,,,15,,,0,,,8,,,60,,,0,,,2,,,,,,,,,
11130,,,,,,0,,,,,29,,0,,,2,,,0,,,0,,,16,,,0,,,1,,,,,,,,,
11137,,,,,,2,,,,,177,,0,,,11,,,1,,,4,,,66,,,1,,,1,,,,,,,,,
11142,,,,,,3,,,,,236,,0,,,10,,,1,,,2,,,84,,,0,,,5,,,,,,,,,
11149,,,,,,5,,,,,131,,0,,,6,,,0,,,1,,,54,,,0,,,0,,,,,,,,,
11151,,,,,,9,,,,,235,,0,,,21,,,0,,,0,,,94,,,0,,,0,,,,,,,,,
11166,,,,,,4,,,,,156,,0,,,6,,,0,,,1,,,59,,,0,,,0,,,,,,,,,
11201,,,,,,20,,,,,140,,0,,,9,,,0,,,0,,,47,,,0,,,0,,,,,,,,,
11202,,,,,,9,,,,,152,,0,,,8,,,1,,,2,,,81,,,0,,,2,,,,,,,,,
11203,,,,,,13,,,,,89,,0,,,6,,,0,,,1,,,74,,,0,,,3,,,,,,,,,
11205,,,,,,4,,,,,27,,0,,,3,,,0,,,0,,,25,,,0,,,0,,,,,,,,,
11206,,,,,,8,,,,,106,,0,,,6,,,0,,,0,,,50,,,1,,,0,,,,,,,,,
11208,,,,,,7,,,,,122,,1,,,18,,,0,,,2,,,66,,,1,,,2,,,,,,,,,
11209,,,,,,11,,,,,105,,0,,,16,,,1,,,0,,,69,,,0,,,1,,,,,,,,,
11211,,,,,,5,,,,,122,,0,,,13,,,0,,,3,,,53,,,1,,,1,,,,,,,,,
11212,,,,,,1,,,,,65,,0,,,3,,,0,,,1,,,21,,,1,,,1,,,,,,,,,
11214,,,,,,7,,,,,177,,0,,,15,,,0,,,3,,,75,,,0,,,3,,,,,,,,,
11215,,,,,,5,,,,,232,,1,,,21,,,0,,,4,,,100,,,0,,,0,,,,,,,,,
11217,,,,,,21,,,,,227,,0,,,12,,,0,,,1,,,124,,,0,,,0,,,,,,,,,
11218,,,,,,1,,,,,183,,0,,,6,,,0,,,4,,,86,,,0,,,2,,,,,,,,,
11219,,,,,,18,,,,,122,,1,,,10,,,0,,,2,,,62,,,0,,,0,,,,,,,,,
11220,,,,,,9,,,,,182,,0,,,19,,,0,,,2,,,107,,,0,,,0,,,,,,,,,
11221,,,,,,9,,,,,133,,1,,,21,,,0,,,2,,,79,,,0,,,0,,,,,,,,,
11224,,,,,,4,,,,,150,,0,,,7,,,0,,,1,,,83,,,0,,,0,,,,,,,,,
11226,,,,,,4,,,,,150,,0,,,17,,,2,,,5,,,74,,,2,,,1,,,,,,,,,
11227,,,,,,16,,,,,190,,0,,,25,,,1,,,0,,,124,,,0,,,0,,,,,,,,,
11230,,,,,,6,,,,,42,,0,,,4,,,0,,,0,,,23,,,0,,,0,,,,,,,,,
11234,,,,,,1,,,,,299,,0,,,14,,,1,,,7,,,85,,,0,,,3,,,,,,,,,
11235,,,,,,7,,,,,162,,0,,,13,,,1,,,1,,,73,,,0,,,1,,,,,,,,,
11249,,,,,,6,,,,,208,,1,,,10,,,0,,,6,,,80,,,0,,,3,,,,,,,,,
11253,,,,,,0,,,,,125,,0,,,15,,,1,,,4,,,37,,,1,,,0,,,,,,,,,
11258,,,,,,7,,,,,243,,0,,,15,,,1,,,1,,,83,,,0,,,1,,,,,,,,,
11259,,,,,,3,,,,,40,,0,,,6,,,1,,,0,,,35,,,1,,,0,,,,,,,,,
11265,,,,,,3,,,,,54,,0,,,8,,,0,,,0,,,28,,,0,,,0,,,,,,,,,
11266,,,,,,5,,,,,132,,0,,,9,,,0,,,5,,,63,,,0,,,4,,,,,,,,,
11270,,,,,,2,,,,,113,,0,,,7,,,0,,,2,,,50,,,0,,,1,,,,,,,,,
11275,,,,,,7,,,,,163,,0,,,23,,,0,,,6,,,102,,,0,,,1,,,,,,,,,
11292,,,,,,2,,,,,58,,0,,,6,,,0,,,2,,,31,,,0,,,0,,,,,,,,,
11302,,,,,,5,,,,,174,,0,,,24,,,1,,,2,,,90,,,0,,,0,,,,,,,,,
11303,,,,,,6,,,,,130,,0,,,3,,,1,,,3,,,42,,,0,,,0,,,,,,,,,
11304,,,,,,18,,,,,160,,1,,,9,,,0,,,1,,,125,,,1,,,0,,,,,,,,,
PRESIDENTIAL PREFERENCE - Democratic,,,,,,,,,,,,,,,,,,,,,,,,,,,,,,,,,,,,,,,,
"Cumulative Totals
Precinct",,,,,PETE BUTTIGIEG,,,,JOSEPH R. BIDEN,,,TULSI GABBARD,,,MARK STEWART GREENSTEIN,,,,,,,,,,,,,,,,,,,,,,,,,
11101,,,,,,6,,,,,140,,2,,,0,,,,,,,,,,,,,,,,,,,,,,,,
11102,,,,,,11,,,,,140,,1,,,0,,,,,,,,,,,,,,,,,,,,,,,,
11103,,,,,,5,,,,,153,,2,,,1,,,,,,,,,,,,,,,,,,,,,,,,
11105,,,,,,13,,,,,170,,2,,,3,,,,,,,,,,,,,,,,,,,,,,,,
11107,,,,,,9,,,,,140,,0,,,3,,,,,,,,,,,,,,,,,,,,,,,,
11108,,,,,,10,,,,,110,,0,,,0,,,,,,,,,,,,,,,,,,,,,,,,
11109,,,,,,5,,,,,128,,2,,,0,,,,,,,,,,,,,,,,,,,,,,,,
11111,,,,,,7,,,,,121,,2,,,1,,,,,,,,,,,,,,,,,,,,,,,,
11112,,,,,,2,,,,,148,,2,,,0,,,,,,,,,,,,,,,,,,,,,,,,
11114,,,,,,36,,,,,269,,5,,,1,,,,,,,,,,,,,,,,,,,,,,,,
11115,,,,,,7,,,,,121,,3,,,2,,,,,,,,,,,,,,,,,,,,,,,,
11117,,,,,,18,,,,,110,,0,,,1,,,,,,,,,,,,,,,,,,,,,,,,
11118,,,,,,2,,,,,176,,2,,,1,,,,,,,,,,,,,,,,,,,,,,,,
11120,,,,,,6,,,,,121,,8,,,1,,,,,,,,,,,,,,,,,,,,,,,,
11124,,,,,,1,,,,,26,,1,,,0,,,,,,,,,,,,,,,,,,,,,,,,
11127,,,,,,6,,,,,91,,2,,,0,,,,,,,,,,,,,,,,,,,,,,,,
11130,,,,,,1,,,,,29,,0,,,0,,,,,,,,,,,,,,,,,,,,,,,,
11137,,,,,,7,,,,,164,,1,,,0,,,,,,,,,,,,,,,,,,,,,,,,
11142,,,,,,7,,,,,233,,6,,,1,,,,,,,,,,,,,,,,,,,,,,,,
11149,,,,,,21,,,,,92,,4,,,0,,,,,,,,,,,,,,,,,,,,,,,,
11151,,,,,,31,,,,,181,,7,,,0,,,,,,,,,,,,,,,,,,,,,,,,
11166,,,,,,3,,,,,135,,0,,,0,,,,,,,,,,,,,,,,,,,,,,,,
11201,,,,,,25,,,,,118,,5,,,0,,,,,,,,,,,,,,,,,,,,,,,,
11202,,,,,,13,,,,,189,,7,,,0,,,,,,,,,,,,,,,,,,,,,,,,
11203,,,,,,26,,,,,174,,2,,,0,,,,,,,,,,,,,,,,,,,,,,,,
11205,,,,,,8,,,,,58,,2,,,0,,,,,,,,,,,,,,,,,,,,,,,,
11206,,,,,,23,,,,,127,,8,,,0,,,,,,,,,,,,,,,,,,,,,,,,
11208,,,,,,16,,,,,163,,4,,,0,,,,,,,,,,,,,,,,,,,,,,,,
11209,,,,,,29,,,,,183,,4,,,0,,,,,,,,,,,,,,,,,,,,,,,,
11211,,,,,,20,,,,,109,,2,,,0,,,,,,,,,,,,,,,,,,,,,,,,
11212,,,,,,3,,,,,51,,0,,,0,,,,,,,,,,,,,,,,,,,,,,,,
11214,,,,,,7,,,,,146,,4,,,0,,,,,,,,,,,,,,,,,,,,,,,,
11215,,,,,,22,,,,,197,,0,,,2,,,,,,,,,,,,,,,,,,,,,,,,
11217,,,,,,49,,,,,230,,8,,,0,,,,,,,,,,,,,,,,,,,,,,,,
11218,,,,,,13,,,,,173,,5,,,0,,,,,,,,,,,,,,,,,,,,,,,,
11219,,,,,,32,,,,,140,,8,,,0,,,,,,,,,,,,,,,,,,,,,,,,
11220,,,,,,33,,,,,176,,4,,,1,,,,,,,,,,,,,,,,,,,,,,,,
11221,,,,,,19,,,,,215,,4,,,0,,,,,,,,,,,,,,,,,,,,,,,,
11224,,,,,,18,,,,,129,,3,,,0,,,,,,,,,,,,,,,,,,,,,,,,
11226,,,,,,16,,,,,122,,1,,,0,,,,,,,,,,,,,,,,,,,,,,,,
11227,,,,,,26,,,,,194,,4,,,0,,,,,,,,,,,,,,,,,,,,,,,,
11230,,,,,,9,,,,,39,,6,,,0,,,,,,,,,,,,,,,,,,,,,,,,
11234,,,,,,17,,,,,221,,0,,,0,,,,,,,,,,,,,,,,,,,,,,,,
11235,,,,,,20,,,,,146,,11,,,1,,,,,,,,,,,,,,,,,,,,,,,,
11249,,,,,,11,,,,,171,,5,,,0,,,,,,,,,,,,,,,,,,,,,,,,
11253,,,,,,4,,,,,94,,3,,,0,,,,,,,,,,,,,,,,,,,,,,,,
11258,,,,,,13,,,,,167,,0,,,0,,,,,,,,,,,,,,,,,,,,,,,,
11259,,,,,,7,,,,,50,,2,,,0,,,,,,,,,,,,,,,,,,,,,,,,
11265,,,,,,10,,,,,64,,1,,,0,,,,,,,,,,,,,,,,,,,,,,,,
11266,,,,,,7,,,,,134,,1,,,0,,,,,,,,,,,,,,,,,,,,,,,,
11270,,,,,,3,,,,,65,,0,,,0,,,,,,,,,,,,,,,,,,,,,,,,
11275,,,,,,21,,,,,127,,4,,,2,,,,,,,,,,,,,,,,,,,,,,,,
11292,,,,,,5,,,,,72,,0,,,0,,,,,,,,,,,,,,,,,,,,,,,,
11302,,,,,,12,,,,,190,,5,,,0,,,,,,,,,,,,,,,,,,,,,,,,
11303,,,,,,13,,,,,120,,2,,,0,,,,,,,,,,,,,,,,,,,,,,,,
11304,,,,,,33,,,,,246,,4,,,0,,,,,,,,,,,,,,,,,,,,,,,,
PRESIDENTIAL PREFERENCE - Democratic,,,,,,,,,,,,,,,,,,,,,,,,,,,,,,,,,,,,,,,,
"Cumulative Totals
Precinct",,,,,Party Member Registration,,Party Member Ballots Cast,,,Turnout (%),,Declined to State Voter Ballots Cast,,JULIÁN CASTRO,,,MICHAEL A. ELLINGER,,,ELIZABETH WARREN,,,MARIANNE WILLIAMSON,,,ANDREW YANG,,,"ROQUE ""ROCKY"" DE LA FUENTE III",,,,,JOHN K. DELANEY,,,,,,
11306,,,,,"1,188",,672,,,56.6,,15,,2,,,0,,,72,,,1,,,7,,,0,,,,,,,0,,,,
11307,,,,,"1,314",,823,,,62.6,,9,,2,,,0,,,50,,,0,,,3,,,2,,,,,,,0,,,,
11308,,,,,804,,484,,,60.2,,30,,1,,,0,,,40,,,1,,,4,,,0,,,,,,,0,,,,
11309,,,,,"1,331",,779,,,58.5,,57,,1,,,0,,,48,,,0,,,5,,,0,,,,,,,0,,,,
11310,,,,,410,,193,,,47.1,,2,,1,,,0,,,9,,,0,,,2,,,0,,,,,,,0,,,,
11312,,,,,996,,567,,,56.9,,19,,2,,,0,,,42,,,2,,,4,,,0,,,,,,,0,,,,
11315,,,,,"1,293",,627,,,48.5,,30,,2,,,1,,,37,,,0,,,2,,,0,,,,,,,1,,,,
11316,,,,,"1,114",,558,,,50.1,,10,,2,,,1,,,41,,,0,,,2,,,1,,,,,,,0,,,,
11320,,,,,627,,353,,,56.3,,18,,0,,,0,,,32,,,0,,,0,,,0,,,,,,,0,,,,
11322,,,,,679,,266,,,39.2,,10,,0,,,0,,,14,,,1,,,3,,,0,,,,,,,0,,,,
11323,,,,,917,,534,,,58.2,,3,,0,,,0,,,24,,,1,,,9,,,1,,,,,,,2,,,,
11324,,,,,"1,090",,631,,,57.9,,13,,1,,,0,,,33,,,3,,,13,,,0,,,,,,,0,,,,
11333,,,,,642,,322,,,50.2,,18,,2,,,0,,,20,,,0,,,2,,,0,,,,,,,0,,,,
33501,,,,,"1,176",,606,,,51.5,,34,,3,,,1,,,43,,,0,,,3,,,1,,,,,,,0,,,,
33502,,,,,737,,414,,,56.2,,11,,2,,,0,,,24,,,0,,,1,,,0,,,,,,,0,,,,
33503,,,,,"1,211",,656,,,54.2,,36,,6,,,2,,,33,,,0,,,6,,,0,,,,,,,0,,,,
33504,,,,,"1,030",,498,,,48.3,,16,,3,,,2,,,36,,,0,,,3,,,0,,,,,,,0,,,,
33507,,,,,646,,348,,,53.9,,21,,2,,,0,,,18,,,1,,,0,,,1,,,,,,,0,,,,
33509,,,,,"1,205",,593,,,49.2,,36,,5,,,0,,,28,,,0,,,5,,,1,,,,,,,0,,,,
33513,,,,,341,,181,,,53.1,,13,,2,,,1,,,18,,,0,,,1,,,0,,,,,,,1,,,,
33514,,,,,889,,483,,,54.3,,21,,2,,,0,,,36,,,0,,,7,,,1,,,,,,,0,,,,
33517,,,,,779,,437,,,56.1,,7,,2,,,0,,,30,,,0,,,1,,,0,,,,,,,1,,,,
33520,,,,,"1,106",,638,,,57.7,,45,,1,,,1,,,51,,,0,,,1,,,1,,,,,,,0,,,,
33521,,,,,692,,387,,,55.9,,33,,1,,,0,,,26,,,0,,,2,,,0,,,,,,,0,,,,
33524,,,,,462,,293,,,63.4,,28,,0,,,0,,,26,,,1,,,0,,,1,,,,,,,1,,,,
33525,,,,,"1,298",,704,,,54.2,,37,,1,,,0,,,41,,,0,,,7,,,0,,,,,,,1,,,,
33527,,,,,629,,349,,,55.5,,30,,1,,,0,,,29,,,2,,,4,,,0,,,,,,,1,,,,
33529,,,,,"1,029",,606,,,58.9,,13,,1,,,0,,,34,,,0,,,2,,,0,,,,,,,0,,,,
33530,,,,,"1,321",,745,,,56.4,,62,,2,,,0,,,70,,,1,,,10,,,0,,,,,,,0,,,,
33533,,,,,894,,495,,,55.4,,40,,3,,,2,,,41,,,2,,,4,,,0,,,,,,,0,,,,
33540,,,,,"1,260",,584,,,46.3,,31,,2,,,0,,,36,,,0,,,5,,,1,,,,,,,0,,,,
33543,,,,,"1,175",,708,,,60.3,,53,,1,,,0,,,59,,,0,,,9,,,0,,,,,,,0,,,,
33546,,,,,872,,458,,,52.5,,36,,3,,,0,,,47,,,1,,,4,,,0,,,,,,,0,,,,
42401,,,,,727,,407,,,56.0,,28,,1,,,0,,,32,,,0,,,3,,,0,,,,,,,0,,,,
42402,,,,,504,,388,,,77.0,,28,,0,,,0,,,44,,,1,,,0,,,0,,,,,,,0,,,,
42404,,,,,938,,446,,,47.5,,91,,0,,,0,,,52,,,1,,,3,,,0,,,,,,,1,,,,
42405,,,,,328,,178,,,54.3,,11,,1,,,0,,,13,,,0,,,1,,,0,,,,,,,0,,,,
42406,,,,,570,,326,,,57.2,,30,,1,,,0,,,44,,,1,,,1,,,1,,,,,,,0,,,,
42407,,,,,425,,246,,,57.9,,15,,0,,,0,,,23,,,0,,,0,,,0,,,,,,,0,,,,
42408,,,,,442,,272,,,61.5,,17,,3,,,0,,,18,,,0,,,1,,,0,,,,,,,0,,,,
42411,,,,,519,,387,,,74.6,,29,,0,,,0,,,51,,,1,,,2,,,0,,,,,,,0,,,,
42415,,,,,556,,365,,,65.6,,25,,0,,,0,,,27,,,0,,,1,,,3,,,,,,,1,,,,
42418,,,,,721,,466,,,64.6,,18,,0,,,0,,,44,,,1,,,1,,,0,,,,,,,2,,,,
42422,,,,,524,,359,,,68.5,,20,,1,,,0,,,34,,,0,,,2,,,0,,,,,,,0,,,,
42426,,,,,724,,457,,,63.1,,19,,1,,,0,,,32,,,1,,,2,,,1,,,,,,,0,,,,
42427,,,,,704,,290,,,41.2,,16,,1,,,0,,,16,,,1,,,0,,,2,,,,,,,1,,,,
42429,,,,,467,,243,,,52.0,,15,,0,,,0,,,19,,,0,,,3,,,1,,,,,,,0,,,,
42432,,,,,470,,339,,,72.1,,9,,0,,,0,,,20,,,0,,,3,,,0,,,,,,,0,,,,
42434,,,,,484,,224,,,46.3,,27,,2,,,0,,,18,,,0,,,0,,,1,,,,,,,0,,,,
42439,,,,,526,,389,,,74.0,,13,,1,,,0,,,29,,,1,,,1,,,0,,,,,,,2,,,,
54301,,,,,446,,177,,,39.7,,90,,0,,,0,,,20,,,0,,,0,,,1,,,,,,,0,,,,
54302,,,,,839,,470,,,56.0,,13,,2,,,0,,,29,,,0,,,8,,,2,,,,,,,0,,,,
54304,,,,,748,,410,,,54.8,,25,,0,,,0,,,31,,,2,,,2,,,3,,,,,,,0,,,,
54305,,,,,870,,503,,,57.8,,4,,5,,,4,,,39,,,2,,,2,,,0,,,,,,,0,,,,
54307,,,,,"1,015",,542,,,53.4,,12,,1,,,0,,,44,,,0,,,4,,,1,,,,,,,0,,,,
54310,,,,,763,,410,,,53.7,,16,,2,,,1,,,32,,,0,,,0,,,0,,,,,,,0,,,,
54312,,,,,433,,179,,,41.3,,13,,1,,,0,,,6,,,0,,,0,,,0P-27,,,,,,,0,,,,
PRESIDENTIAL PREFERENCE - Democratic,,,,,,,,,,,,,,,,,,,,,,,,,,,,,,,,,,,,,,,,
"Cumulative Totals
Precinct",,,,,AMY KLOBUCHAR,,,,BERNIE SANDERS,,,JOE SESTAK,,,TOM STEYER,,,DEVAL PATRICK,,,MICHAEL BENNET,,,MICHAEL R. BLOOMBERG,,,MOSIE BOYD,,,CORY BOOKER,,,,,,,,,,
11306,,,,,11,,,,185,,,1,,,22,,,0,,,4,,,125,,,0,,,0,,,,,,,,,,
11307,,,,,,18,,,,,221,,2,,,28,,,0,,,3,,,131,,,1,,,0,,,,,,,,,
11308,,,,,,15,,,,,168,,0,,,8,,,1,,,1,,,76,,,0,,,2,,,,,,,,,
11309,,,,,,5,,,,,231,,0,,,14,,,0,,,2,,,137,,,1,,,1,,,,,,,,,
11310,,,,,,9,,,,,60,,0,,,5,,,0,,,0,,,37,,,0,,,0,,,,,,,,,
11312,,,,,,11,,,,,184,,1,,,17,,,0,,,1,,,96,,,0,,,1,,,,,,,,,
11315,,,,,,11,,,,,189,,0,,,31,,,3,,,2,,,128,,,0,,,1,,,,,,,,,
11316,,,,,,7,,,,,187,,1,,,18,,,0,,,3,,,94,,,1,,,2,,,,,,,,,
11320,,,,,,7,,,,,104,,1,,,10,,,0,,,0,,,60,,,0,,,0,,,,,,,,,
11322,,,,,,2,,,,,81,,0,,,11,,,0,,,2,,,72,,,0,,,0,,,,,,,,,
11323,,,,,,7,,,,,157,,1,,,17,,,0,,,3,,,60,,,0,,,2,,,,,,,,,
11324,,,,,,13,,,,,185,,2,,,12,,,0,,,0,,,109,,,0,,,0,,,,,,,,,
11333,,,,,,3,,,,,104,,1,,,6,,,1,,,0,,,61,,,0,,,0,,,,,,,,,
33501,,,,,,6,,,,,258,,0,,,13,,,1,,,5,,,91,,,0,,,2,,,,,,,,,
33502,,,,,,8,,,,,146,,1,,,8,,,1,,,1,,,49,,,0,,,0,,,,,,,,,
33503,,,,,,4,,,,,253,,3,,,17,,,1,,,2,,,104,,,0,,,1,,,,,,,,,
33504,,,,,,5,,,,,181,,0,,,12,,,0,,,6,,,80,,,0,,,1,,,,,,,,,
33507,,,,,,6,,,,,136,,0,,,12,,,0,,,2,,,55,,,0,,,1,,,,,,,,,
33509,,,,,,9,,,,,243,,2,,,13,,,1,,,2,,,103,,,0,,,1,,,,,,,,,
33513,,,,,,0,,,,,67,,0,,,6,,,0,,,1,,,35,,,0,,,0,,,,,,,,,
33514,,,,,,13,,,,,146,,0,,,11,,,0,,,2,,,89,,,0,,,0,,,,,,,,,
33517,,,,,,12,,,,,148,,0,,,15,,,0,,,1,,,48,,,0,,,1,,,,,,,,,
33520,,,,,,6,,,,,238,,1,,,10,,,0,,,3,,,91,,,0,,,1,,,,,,,,,
33521,,,,,,15,,,,,128,,0,,,13,,,0,,,0,,,63,,,1,,,1,,,,,,,,,
33524,,,,,,9,,,,,99,,0,,,5,,,0,,,1,,,39,,,0,,,0,,,,,,,,,
33525,,,,,,5,,,,,302,,3,,,5,,,0,,,3,,,100,,,0,,,0,,,,,,,,,
33527,,,,,,9,,,,,121,,0,,,3,,,0,,,4,,,77,,,0,,,0,,,,,,,,,
33529,,,,,,7,,,,,229,,0,,,10,,,1,,,1,,,92,,,0,,,0,,,,,,,,,
33530,,,,,,10,,,,,317,,0,,,5,,,0,,,5,,,76,,,0,,,2,,,,,,,,,
33533,,,,,,13,,,,,153,,1,,,13,,,1,,,1,,,83,,,0,,,5,,,,,,,,,
33540,,,,,,3,,,,,244,,2,,,10,,,0,,,5,,,72,,,1,,,0,,,,,,,,,
33543,,,,,,12,,,,,244,,0,,,12,,,0,,,4,,,116,,,0,,,0,,,,,,,,,
33546,,,,,,13,,,,,148,,1,,,7,,,0,,,2,,,91,,,0,,,1,,,,,,,,,
42401,,,,,,7,,,,,155,,0,,,13,,,0,,,0,,,73,,,0,,,1,,,,,,,,,
42402,,,,,,13,,,,,106,,1,,,17,,,1,,,0,,,62,,,0,,,0,,,,,,,,,
42404,,,,,,14,,,,,211,,0,,,22,,,0,,,2,,,71,,,0,,,0,,,,,,,,,
42405,,,,,,5,,,,,75,,1,,,7,,,0,,,0,,,30,,,0,,,0,,,,,,,,,
42406,,,,,,12,,,,,113,,0,,,8,,,0,,,0,,,45,,,0,,,0,,,,,,,,,
42407,,,,,,12,,,,,96,,0,,,12,,,0,,,1,,,32,,,0,,,0,,,,,,,,,
42408,,,,,,5,,,,,106,,0,,,6,,,0,,,1,,,53,,,0,,,0,,,,,,,,,
42411,,,,,,9,,,,,108,,0,,,16,,,1,,,0,,,70,,,0,,,0,,,,,,,,,
42415,,,,,,12,,,,,102,,0,,,10,,,0,,,2,,,58,,,0,,,0,,,,,,,,,
42418,,,,,,13,,,,,131,,0,,,17,,,0,,,1,,,74,,,0,,,1,,,,,,,,,
42422,,,,,,13,,,,,79,,0,,,13,,,0,,,1,,,52,,,0,,,0,,,,,,,,,
42426,,,,,,13,,,,,133,,0,,,17,,,3,,,1,,,63,,,1,,,0,,,,,,,,,
42427,,,,,,8,,,,,176,,1,,,4,,,0,,,1,,,28,,,0,,,0,,,,,,,,,
42429,,,,,,3,,,,,126,,0,,,9,,,0,,,2,,,31,,,0,,,0,,,,,,,,,
42432,,,,,,15,,,,,89,,0,,,11,,,0,,,1,,,58,,,0,,,0,,,,,,,,,
42434,,,,,,3,,,,,118,,0,,,6,,,0,,,1,,,45,,,0,,,1,,,,,,,,,
42439,,,,,,18,,,,,88,,1,,,9,,,0,,,1,,,76,,,0,,,0,,,,,,,,,
54301,,,,,,6,,,,,79,,0,,,10,,,1,,,1,,,37,,,0,,,0,,,,,,,,,
54302,,,,,,11,,,,,139,,1,,,16,,,4,,,2,,,63,,,0,,,0,,,,,,,,,
54304,,,,,,5,,,,,134,,0,,,12,,,0,,,1,,,59,,,0,,,0,,,,,,,,,
54305,,,,,,5,,,,,177,,0,,,19,,,0,,,1,,,64,,,0,,,2,,,,,,,,,
54307,,,,,,8,,,,,203,,0,,,16,,,0,,,1,,,74,,,0,,,1,,,,,,,,,
54310,,,,,,5,,,,,139,,0,,,12,,,0,,,0,,,60,,,0,,,0,,,,,,,,,
54312,,,,,,1,,,,,91,,0,,,7,,,1,,,1,,,28,,,0,,,P-028,,,,,,,,,
,,,,,,,,,,,,,,,,,,,,,,,,,,,,,,,,,,,,,,,,
,,,,,,,,,,,,,,,,,,,,,,,,,,,,,,,,,,,,,,,,
,,,,,,,,,,,,,,,,,,,,,,,,,,,,,,,,,,,,,,,,
,,,,,,,,,,,,,,,,,,,,,,,,,,,,,,,,,,,,,,,,
,,,,,,,,,,,,,,,,,,,,,,,,,,,,,,,,,,,,,,,,
,,,,,,,,,,,,,,,,,,,,,,,,,,,,,,,,,,,,,,,,
,,,,,,,,,,,,,,,,,,,,,,,,,,,,,,,,,,,,,,,,
,,,,,,,,,,,,,,,,,,,,,,,,,,,,,,,,,,,,,,,,
,,,,,,,,,,,,,,,,,,,,,,,,,,,,,,,,,,,,,,,,
,,,,,,,,,,,,,,,,,,,,,,,,,,,,,,,,,,,,,,,,
,,,,,,,,,,,,,,,,,,,,,,,,,,,,,,,,,,,,,,,,
,,,,,,,,,,,,,,,,,,,,,,,,,,,,,,,,,,,,,,,,
,,,,,,,,,,,,,,,,,,,,,,,,,,,,,,,,,,,,,,,,
,,,,,,,,,,,,,,,,,,,,,,,,,,,,,,,,,,,,,,,,
,,,,,,,,,,,,,,,,,,,,,,,,,,,,,,,,,,,,,,,,
,,,,,,,,,,,,,,,,,,,,,,,,,,,,,,,,,,,,,,,,
,,,,,,,,,,,,,,,,,,,,,,,,,,,,,,,,,,,,,,,,
,,,,,,,,,,,,,,,,,,,,,,,,,,,,,,,,,,,,,,,,
,,,,,,,,,,,,,,,,,,,,,,,,,,,,,,,,,,,,,,,,
,,,,,,,,,,,,,,,,,,,,,,,,,,,,,,,,,,,,,,,,
,,,,,,,,,,,,,,,,,,,,,,,,,,,,,,,,,,,,,,,,
,,,,,,,,,,,,,,,,,,,,,,,,,,,,,,,,,,,,,,,,
,,,,,,,,,,,,,,,,,,,,,,,,,,,,,,,,,,,,,,,,
,,,,,,,,,,,,,,,,,,,,,,,,,,,,,,,,,,,,,,,,
,,,,,,,,,,,,,,,,,,,,,,,,,,,,,,,,,,,,,,,,
,,,,,,,,,,,,,,,,,,,,,,,,,,,,,,,,,,,,,,,,
,,,,,,,,,,,,,,,,,,,,,,,,,,,,,,,,,,,,,,,,
,,,,,,,,,,,,,,,,,,,,,,,,,,,,,,,,,,,,,,,,
PRESIDENTIAL PREFERENCE - Democratic,,,,,,,,,,,,,,,,,,,,,,,,,,,,,,,,,,,,,,,,
"Cumulative Totals
Precinct",,,,,PETE BUTTIGIEG,,,,JOSEPH R. BIDEN,,,TULSI GABBARD,,,MARK STEWART GREENSTEIN,,,,,,,,,,,,,,,,,,,,,,,,,
11306,,,,,28,,,,215,,,1,,,0,,,,,,,,,,,,,,,,,,,,,,,,,
11307,,,,,21,311,   7,   0,,,,,,,,,,,,,,,,,,,,,,,,,,,,,,,,,,,,,,,,
11308,,,,,18,172,   2,   0,,,,,,,,,,,,,,,,,,,,,,,,,,,,,,,,,,,,,,,,
11309,,,,,22,343,   3,   0,,,,,,,,,,,,,,,,,,,,,,,,,,,,,,,,,,,,,,,,
11310,,,,,  6, 55,   2,   0,,,,,,,,,,,,,,,,,,,,,,,,,,,,,,,,,,,,,,,,
11312,,,,,24,185,   2,   2,,,,,,,,,,,,,,,,,,,,,,,,,,,,,,,,,,,,,,,,
11315,,,,,26,193,   9,   0,,,,,,,,,,,,,,,,,,,,,,,,,,,,,,,,,,,,,,,,
11316,,,,,16,172,   5,   1,,,,,,,,,,,,,,,,,,,,,,,,,,,,,,,,,,,,,,,,
11320,,,,,20,128,   2,   0,,,,,,,,,,,,,,,,,,,,,,,,,,,,,,,,,,,,,,,,
11322,,,,,  4, 78,   2,   1,,,,,,,,,,,,,,,,,,,,,,,,,,,,,,,,,,,,,,,,
11323,,,,,  8,220,   8,   1,,,,,,,,,,,,,,,,,,,,,,,,,,,,,,,,,,,,,,,,
11324,,,,,24,226,   1,   0,,,,,,,,,,,,,,,,,,,,,,,,,,,,,,,,,,,,,,,,
11333,,,,,  9,125,   1,   1,,,,,,,,,,,,,,,,,,,,,,,,,,,,,,,,,,,,,,,,
33501,,,,,14,183,   4,   1,,,,,,,,,,,,,,,,,,,,,,,,,,,,,,,,,,,,,,,,
33502,,,,,30,144,   3,   0,,,,,,,,,,,,,,,,,,,,,,,,,,,,,,,,,,,,,,,,
33503,,,,,18,220,   4,   1,,,,,,,,,,,,,,,,,,,,,,,,,,,,,,,,,,,,,,,,
33504,,,,,14,152,   2,   0,,,,,,,,,,,,,,,,,,,,,,,,,,,,,,,,,,,,,,,,
33507,,,,,14,105,   7,   0,,,,,,,,,,,,,,,,,,,,,,,,,,,,,,,,,,,,,,,,
33509,,,,,23,178,   4,   0,,,,,,,,,,,,,,,,,,,,,,,,,,,,,,,,,,,,,,,,
33513,,,,,17, 42,   0,   0,,,,,,,,,,,,,,,,,,,,,,,,,,,,,,,,,,,,,,,,
33514,,,,,23,162,   3,   1,,,,,,,,,,,,,,,,,,,,,,,,,,,,,,,,,,,,,,,,
33517,,,,,15,156,   4,   0,,,,,,,,,,,,,,,,,,,,,,,,,,,,,,,,,,,,,,,,
33520,,,,,21,231,   8,   0,,,,,,,,,,,,,,,,,,,,,,,,,,,,,,,,,,,,,,,,
33521,,,,,15,151,   2,   0,,,,,,,,,,,,,,,,,,,,,,,,,,,,,,,,,,,,,,,,
33524,,,,,23,110,   1,   0,,,,,,,,,,,,,,,,,,,,,,,,,,,,,,,,,,,,,,,,
33525,,,,,30,222,   3,   1,,,,,,,,,,,,,,,,,,,,,,,,,,,,,,,,,,,,,,,,
33527,,,,,14,102,   5,   0,,,,,,,,,,,,,,,,,,,,,,,,,,,,,,,,,,,,,,,,
33529,,,,,20,208,   3,   0,,,,,,,,,,,,,,,,,,,,,,,,,,,,,,,,,,,,,,,,
33530,,,,,31,235, 10,   0,,,,,,,,,,,,,,,,,,,,,,,,,,,,,,,,,,,,,,,,
33533,,,,,25,182,   1,   0,,,,,,,,,,,,,,,,,,,,,,,,,,,,,,,,,,,,,,,,
33540,,,,,19,183, 11,   0,,,,,,,,,,,,,,,,,,,,,,,,,,,,,,,,,,,,,,,,
33543,,,,,31,257,   4,   1,,,,,,,,,,,,,,,,,,,,,,,,,,,,,,,,,,,,,,,,
33546,,,,,13,148,   5,   0,,,,,,,,,,,,,,,,,,,,,,,,,,,,,,,,,,,,,,,,
42401,,,,,20,117,   0,   0,,,,,,,,,,,,,,,,,,,,,,,,,,,,,,,,,,,,,,,,
42402,,,,,26,135,   1,   0,,,,,,,,,,,,,,,,,,,,,,,,,,,,,,,,,,,,,,,,
42404,,,,,13,128,   4,   0,,,,,,,,,,,,,,,,,,,,,,,,,,,,,,,,,,,,,,,,
42405,,,,,14, 41,   0,   0,,,,,,,,,,,,,,,,,,,,,,,,,,,,,,,,,,,,,,,,
42406,,,,,20,101,   4,   0,,,,,,,,,,,,,,,,,,,,,,,,,,,,,,,,,,,,,,,,
42407,,,,,  7, 58,   4,   0,,,,,,,,,,,,,,,,,,,,,,,,,,,,,,,,,,,,,,,,
42408,,,,,12, 72,   1,   0,,,,,,,,,,,,,,,,,,,,,,,,,,,,,,,,,,,,,,,,
42411,,,,,23,130,   0,   0,,,,,,,,,,,,,,,,,,,,,,,,,,,,,,,,,,,,,,,,
42415,,,,,19,139,   3,   0,,,,,,,,,,,,,,,,,,,,,,,,,,,,,,,,,,,,,,,,
42418,,,,,23,153,   6,   0,,,,,,,,,,,,,,,,,,,,,,,,,,,,,,,,,,,,,,,,
42422,,,,,33,139,   3,   0,,,,,,,,,,,,,,,,,,,,,,,,,,,,,,,,,,,,,,,,
42426,,,,,38,151,   5,   0,,,,,,,,,,,,,,,,,,,,,,,,,,,,,,,,,,,,,,,,
42427,,,,,  9, 51,   0,   0,,,,,,,,,,,,,,,,,,,,,,,,,,,,,,,,,,,,,,,,
42429,,,,,12, 45,   1,   1,,,,,,,,,,,,,,,,,,,,,,,,,,,,,,,,,,,,,,,,
42432,,,,,24,112,   3,   0,,,,,,,,,,,,,,,,,,,,,,,,,,,,,,,,,,,,,,,,
42434,,,,,  8, 43,   1,   0,,,,,,,,,,,,,,,,,,,,,,,,,,,,,,,,,,,,,,,,
42439,,,,,27,132,   5,   0,,,,,,,,,,,,,,,,,,,,,,,,,,,,,,,,,,,,,,,,
54301,,,,,19, 82,   2,   0,,,,,,,,,,,,,,,,,,,,,,,,,,,,,,,,,,,,,,,,
54302,,,,,21,158,   4,   0,,,,,,,,,,,,,,,,,,,,,,,,,,,,,,,,,,,,,,,,
54304,,,,,25,139,   4,   0,,,,,,,,,,,,,,,,,,,,,,,,,,,,,,,,,,,,,,,,
54305,,,,,17,154,   5,   0,,,,,,,,,,,,,,,,,,,,,,,,,,,,,,,,,,,,,,,,
54307,,,,,20,150,   8,   0,,,,,,,,,,,,,,,,,,,,,,,,,,,,,,,,,,,,,,,,
54310,,,,,15,143,   0,   0,,,,,,,,,,,,,,,,,,,,,,,,,,,,,,,,,,,,,,,,
54312,,,,,  5, 44,   2,   0,,,,,,,,,,,,,,,,,,,,,,,,,,,,,,,,,,,,,,,,
,,,,,,,,,,,,,,,,,,,,,,,,,,,,,,,,,,P-29,,,,,,
,,,,,,,,,,,,,,,,,,,,,,,,,,,,,,,,,,,,,,,,
PRESIDENTIAL PREFERENCE - Democratic,,,,,,,,,,,,,,,,,,,,,,,,,,,,,,,,,,,,,,,,
"Cumulative Totals
Precinct",,,,,Party Member Registration,,Party Member Ballots Cast,,,Turnout (%),,Declined to State Voter Ballots Cast,,JULIÁN CASTRO,,,MICHAEL A. ELLINGER,,,ELIZABETH WARREN,,,MARIANNE WILLIAMSON,,,ANDREW YANG,,,"ROQUE ""ROCKY"" DE LA FUENTE III",,,,,JOHN K. DELANEY,,,,,,
54318,,,,,"1,270",,"1,098",,,86.5,,17,,2,,,1,,,59,,,2,,,3,,,2,,,,,1,,,,,,
54320,,,,,692,,397,,,57.4,,7,,3,,,1,,,28,,,0,,,2,,,1,,,,,0,,,,,,
54321,,,,,556,,281,,,50.5,,16,,4,,,1,,,18,,,0,,,3,,,0,,,,,0,,,,,,
54324,,,,,723,,422,,,58.4,,26,,2,,,1,,,28,,,0,,,5,,,0,,,,,0,,,,,,
54501,,,,,728,,355,,,48.8,,19,,3,,,0,,,17,,,1,,,2,,,0,,,,,0,,,,,,
54503,,,,,"1,076",,558,,,51.9,,28,,1,,,0,,,37,,,0,,,4,,,1,,,,,0,,,,,,
54504,,,,,334,,168,,,50.3,,15,,2,,,0,,,11,,,0,,,1,,,0,,,,,0,,,,,,
54505,,,,,"1,003",,530,,,52.8,,10,,0,,,1,,,35,,,1,,,6,,,1,,,,,0,,,,,,
54507,,,,,470,,250,,,53.2,,13,,1,,,0,,,22,,,0,,,1,,,0,,,,,0,,,,,,
54509,,,,,782,,401,,,51.3,,26,,2,,,2,,,22,,,1,,,7,,,1,,,,,0,,,,,,
54510,,,,,546,,293,,,53.7,,11,,0,,,0,,,22,,,0,,,0,,,0,,,,,0,,,,,,
54511,,,,,463,,278,,,60.0,,13,,0,,,0,,,25,,,2,,,0,,,0,,,,,1,,,,,,
54514,,,,,"1,151",,627,,,54.5,,29,,1,,,1,,,42,,,0,,,3,,,0,,,,,2,,,,,,
54526,,,,,274,,177,,,64.6,,12,,1,,,0,,,7,,,1,,,1,,,0,,,,,0,,,,,,
64401,,,,,502,,311,,,62.0,,20,,2,,,0,,,26,,,0,,,0,,,1,,,,,0,,,,,,
64402,,,,,590,,355,,,60.2,,6,,3,,,0,,,28,,,1,,,1,,,0,,,,,0,,,,,,
74401,,,,,510,,353,,,69.2,,25,,1,,,0,,,38,,,1,,,4,,,0,,,,,2,,,,,,
74402,,,,,420,,247,,,58.8,,30,,0,,,0,,,18,,,0,,,1,,,0,,,,,0,,,,,,
74403,,,,,367,,232,,,63.2,,11,,0,,,0,,,20,,,0,,,1,,,0,,,,,0,,,,,,
74405,,,,,289,,187,,,64.7,,10,,0,,,0,,,13,,,0,,,1,,,1,,,,,0,,,,,,
74408,,,,,494,,338,,,68.4,,16,,1,,,0,,,26,,,0,,,3,,,1,,,,,1,,,,,,
84301,,,,,486,,198,,,40.7,,37,,1,,,0,,,16,,,0,,,0,,,0,,,,,0,,,,,,
84302,,,,,669,,346,,,51.7,,22,,4,,,0,,,17,,,0,,,1,,,1,,,,,0,,,,,,
84303,,,,,702,,330,,,47.0,,21,,0,,,0,,,13,,,2,,,2,,,0,,,,,0,,,,,,
84306,,,,,746,,354,,,47.5,,21,,2,,,2,,,12,,,1,,,0,,,0,,,,,0,,,,,,
84307,,,,,669,,340,,,50.8,,15,,2,,,0,,,13,,,0,,,2,,,1,,,,,0,,,,,,
84309,,,,,989,,433,,,43.8,,19,,0,,,0,,,37,,,0,,,3,,,0,,,,,0,,,,,,
84501,,,,,812,,448,,,55.2,,8,,0,,,0,,,50,,,0,,,7,,,0,,,,,0,,,,,,
91101,,,,,314,,132,,,42.0,,0,,0,,,0,,,4,,,0,,,2,,,0,,,,,0,,,,,,
91102,,,,,143,,68,,,47.6,,3,,0,,,0,,,3,,,0,,,0,,,0,,,,,0,,,,,,
91105,,,,,247,,92,,,37.2,,9,,1,,,0,,,7,,,0,,,0,,,0,,,,,0,,,,,,
91107,,,,,569,,260,,,45.7,,13,,1,,,1,,,6,,,0,,,3,,,1,,,,,0,,,,,,
91108,,,,,689,,339,,,49.2,,23,,0,,,0,,,20,,,1,,,2,,,0,,,,,1,,,,,,
91111,,,,,769,,423,,,55.0,,40,,4,,,0,,,33,,,1,,,1,,,1,,,,,0,,,,,,
91113,,,,,528,,225,,,42.6,,7,,1,,,0,,,11,,,0,,,2,,,1,,,,,0,,,,,,
91203,,,,,147,,86,,,58.5,,10,,1,,,0,,,8,,,0,,,0,,,0,,,,,0,,,,,,
91205,,,,,"1,073",,638,,,59.5,,45,,2,,,0,,,52,,,1,,,2,,,0,,,,,0,,,,,,
91206,,,,,355,,162,,,45.6,,7,,1,,,0,,,6,,,0,,,0,,,0,,,,,0,,,,,,
91207,,,,,387,,141,,,36.4,,10,,5,,,0,,,4,,,0,,,0,,,1,,,,,1,,,,,,
91213,,,,,102,,57,,,55.9,,0,,0,,,0,,,1,,,0,,,0,,,0,,,,,0,,,,,,
91216,,,,,811,,315,,,38.8,,12,,3,,,0,,,11,,,0,,,2,,,1,,,,,0,,,,,,
91217,,,,,645,,282,,,43.7,,16,,3,,,0,,,9,,,0,,,1,,,0,,,,,1,,,,,,
91227,,,,,263,,140,,,53.2,,5,,0,,,1,,,6,,,0,,,1,,,0,,,,,0,,,,,,
91301,,,,,345,,204,,,59.1,,17,,1,,,0,,,19,,,1,,,0,,,0,,,,,0,,,,,,
91303,,,,,849,,526,,,62.0,,23,,1,,,0,,,30,,,1,,,2,,,1,,,,,1,,,,,,
91402,,,,,518,,322,,,62.2,,19,,0,,,0,,,22,,,0,,,3,,,0,,,,,0,,,,,,
91404,,,,,233,,139,,,59.7,,6,,0,,,0,,,6,,,0,,,1,,,2,,,,,0,,,,,,
91408,,,,,868,,601,,,69.2,,13,,2,,,0,,,50,,,0,,,7,,,1,,,,,0,,,,,,
91414,,,,,563,,314,,,55.8,,21,,2,,,1,,,22,,,2,,,3,,,1,,,,,0,,,,,,
92401,,,,,278,,193,,,69.4,,8,,0,,,0,,,20,,,1,,,0,,,0,,,,,1,,,,,,
92403,,,,,218,,142,,,65.1,,13,,0,,,0,,,17,,,1,,,1,,,0,,,,,0,,,,,,
92404,,,,,402,,236,,,58.7,,10,,0,,,0,,,18,,,0,,,4,,,1,,,,,0,,,,,,
92405,,,,,249,,134,,,53.8,,1,,0,,,0,,,11,,,0,,,0,,,0,,,,,1,,,,,,
92406,,,,,351,,258,,,73.5,,8,,0,,,1,,,22,,,1,,,2,,,1,,,,,1,,,,,,
92409,,,,,258,,154,,,59.7,,0,,2,,,0,,,14,,,0,,,0,,,0,,,,,0,,,,,,
92411,,,,,536,,308,,,57.5,,13,,3,,,1,,,22,,,1,,,5,,,0,,,,,1,,,,,,
92413,,,,,116,,71,,,61.2,,5,,,,,,,,,,,,,,,,,,,,,,,,,,,,
0,   0, 11,   1,   1,   0P-30      0,,,,,,,,,,,,,,,,,,,,,,,,,,,,,,,,,,,,,,,,
PRESIDENTIAL PREFERENCE - Democratic,,,,,,,,,,,,,,,,,,,,,,,,,,,,,,,,,,,,,,,,
"Cumulative Totals
Precinct",,,,,AMY KLOBUCHAR,,,,BERNIE SANDERS,,,JOE SESTAK,,,TOM STEYER,,,DEVAL PATRICK,,,MICHAEL BENNET,,,MICHAEL R. BLOOMBERG,,,MOSIE BOYD,,,CORY BOOKER,,,,,,,,,,
54318,,,,,,57,,,,,136,,0,,,53,,,0,,,1,,,307,,,0,,,1,,,,,,,,,
54320,,,,,,4,,,,,104,,0,,,25,,,0,,,2,,,62,,,0,,,1,,,,,,,,,
54321,,,,,,4,,,,,97,,1,,,9,,,0,,,2,,,42,,,0,,,0,,,,,,,,,
54324,,,,,,9,,,,,141,,0,,,10,,,0,,,0,,,70,,,0,,,0,,,,,,,,,
54501,,,,,,8,,,,,147,,1,,,13,,,0,,,1,,,58,,,0,,,0,,,,,,,,,
54503,,,,,,15,,,,,197,,1,,,15,,,3,,,0,,,71,,,1,,,0,,,,,,,,,
54504,,,,,,1,,,,,76,,0,,,4,,,0,,,0,,,24,,,0,,,0,,,,,,,,,
54505,,,,,,6,,,,,194,,0,,,9,,,0,,,0,,,56,,,0,,,0,,,,,,,,,
54507,,,,,,5,,,,,91,,0,,,12,,,0,,,1,,,29,,,0,,,0,,,,,,,,,
54509,,,,,,2,,,,,172,,0,,,8,,,1,,,0,,,66,,,0,,,0,,,,,,,,,
54510,,,,,,2,,,,,92,,0,,,13,,,0,,,4,,,69,,,0,,,0,,,,,,,,,
54511,,,,,,4,,,,,86,,1,,,10,,,0,,,0,,,41,,,0,,,0,,,,,,,,,
54514,,,,,,6,,,,,220,,0,,,21,,,0,,,2,,,83,,,1,,,1,,,,,,,,,
54526,,,,,,2,,,,,67,,0,,,3,,,0,,,0,,,23,,,0,,,0,,,,,,,,,
64401,,,,,,17,,,,,84,,2,,,9,,,0,,,0,,,54,,,0,,,0,,,,,,,,,
64402,,,,,,15,,,,,92,,1,,,12,,,0,,,1,,,66,,,0,,,0,,,,,,,,,
74401,,,,,,15,,,,,77,,2,,,15,,,1,,,3,,,58,,,0,,,0,,,,,,,,,
74402,,,,,,3,,,,,87,,0,,,10,,,0,,,0,,,40,,,0,,,0,,,,,,,,,
74403,,,,,,5,,,,,75,,0,,,5,,,0,,,1,,,35,,,1,,,0,,,,,,,,,
74405,,,,,,7,,,,,45,,0,,,11,,,0,,,0,,,35,,,0,,,0,,,,,,,,,
74408,,,,,,13,,,,,87,,1,,,12,,,0,,,0,,,62,,,1,,,0,,,,,,,,,
84301,,,,,,2,,,,,70,,0,,,5,,,0,,,1,,,30,,,0,,,0,,,,,,,,,
84302,,,,,,7,,,,,123,,0,,,15,,,1,,,1,,,60,,,0,,,0,,,,,,,,,
84303,,,,,,0,,,,,122,,1,,,6,,,0,,,2,,,47,,,0,,,1,,,,,,,,,
84306,,,,,,4,,,,,141,,0,,,4,,,2,,,1,,,62,,,0,,,0,,,,,,,,,
84307,,,,,,4,,,,,160,,3,,,11,,,0,,,4,,,48,,,0,,,0,,,,,,,,,
84309,,,,,,7,,,,,167,,0,,,6,,,2,,,1,,,49,,,0,,,0,,,,,,,,,
84501,,,,,,2,,,,,148,,1,,,6,,,1,,,4,,,59,,,0,,,4,,,,,,,,,
91101,,,,,,0,,,,,71,,0,,,3,,,0,,,1,,,20,,,0,,,0,,,,,,,,,
91102,,,,,,0,,,,,28,,0,,,4,,,0,,,0,,,13,,,0,,,0,,,,,,,,,
91105,,,,,,1,,,,,43,,0,,,2,,,0,,,4,,,12,,,0,,,0,,,,,,,,,
91107,,,,,,1,,,,,133,,0,,,10,,,0,,,4,,,39,,,1,,,0,,,,,,,,,
91108,,,,,,3,,,,,122,,0,,,17,,,1,,,2,,,57,,,0,,,1,,,,,,,,,
91111,,,,,,7,,,,,177,,0,,,12,,,2,,,3,,,57,,,1,,,0,,,,,,,,,
91113,,,,,,1,,,,,111,,0,,,6,,,0,,,0,,,33,,,0,,,0,,,,,,,,,
91203,,,,,,0,,,,,30,,0,,,1,,,0,,,0,,,17,,,0,,,0,,,,,,,,,
91205,,,,,,24,,,,,205,,1,,,21,,,0,,,2,,,102,,,0,,,1,,,,,,,,,
91206,,,,,,3,,,,,81,,0,,,4,,,0,,,1,,,26,,,0,,,1,,,,,,,,,
91207,,,,,,1,,,,,73,,0,,,7,,,0,,,0,,,22,,,0,,,2,,,,,,,,,
91213,,,,,,1,,,,,19,,0,,,5,,,0,,,0,,,11,,,0,,,0,,,,,,,,,
91216,,,,,,0,,,,,142,,2,,,12,,,0,,,7,,,53,,,1,,,1,,,,,,,,,
91217,,,,,,1,,,,,146,,0,,,5,,,0,,,3,,,70,,,0,,,0,,,,,,,,,
91227,,,,,,2,,,,,43,,0,,,12,,,0,,,0,,,14,,,1,,,0,,,,,,,,,
91301,,,,,,6,,,,,63,,0,,,5,,,1,,,1,,,31,,,0,,,0,,,,,,,,,
91303,,,,,,9,,,,,187,,0,,,18,,,0,,,2,,,94,,,0,,,0,,,,,,,,,
91402,,,,,,17,,,,,81,,0,,,11,,,1,,,0,,,61,,,1,,,0,,,,,,,,,
91404,,,,,,5,,,,,26,,1,,,12,,,1,,,0,,,27,,,0,,,0,,,,,,,,,
91408,,,,,,20,,,,,136,,0,,,21,,,1,,,0,,,114,,,0,,,1,,,,,,,,,
91414,,,,,,10,,,,,125,,0,,,10,,,0,,,1,,,60,,,1,,,0,,,,,,,,,
92401,,,,,,5,,,,,41,,0,,,6,,,0,,,0,,,42,,,0,,,0,,,,,,,,,
92403,,,,,,5,,,,,48,,0,,,7,,,0,,,0,,,22,,,0,,,0,,,,,,,,,
92404,,,,,,4,,,,,71,,0,,,9,,,0,,,1,,,39,,,0,,,0,,,,,,,,,
92405,,,,,,5,,,,,38,,1,,,3,,,0,,,0,,,27,,,0,,,0,,,,,,,,,
92406,,,,,,4,,,,,64,,0,,,13,,,0,,,0,,,37,,,0,,,0,,,,,,,,,
92409,,,,,,2,,,,,50,,2,,,7,,,0,,,1,,,23,,,0,,,0,,,,,,,,,
92411,,,,,,5,,,,,59,,0,,,14,,,1,,,0,,,55,,,1,,,0,,,,,,,,,
92413,,,,,,3,,,,,18,,0,,,2,,,0,,,0,,,7,,,0,,,P-031,,,,,,,,,
,,,,,,,,,,,,,,,,,,,,,,,,,,,,,,,,,,,,,,,,
,,,,,,,,,,,,,,,,,,,,,,,,,,,,,,,,,,,,,,,,
,,,,,,,,,,,,,,,,,,,,,,,,,,,,,,,,,,,,,,,,
,,,,,,,,,,,,,,,,,,,,,,,,,,,,,,,,,,,,,,,,
,,,,,,,,,,,,,,,,,,,,,,,,,,,,,,,,,,,,,,,,
,,,,,,,,,,,,,,,,,,,,,,,,,,,,,,,,,,,,,,,,
,,,,,,,,,,,,,,,,,,,,,,,,,,,,,,,,,,,,,,,,
,,,,,,,,,,,,,,,,,,,,,,,,,,,,,,,,,,,,,,,,
,,,,,,,,,,,,,,,,,,,,,,,,,,,,,,,,,,,,,,,,
,,,,,,,,,,,,,,,,,,,,,,,,,,,,,,,,,,,,,,,,
,,,,,,,,,,,,,,,,,,,,,,,,,,,,,,,,,,,,,,,,
,,,,,,,,,,,,,,,,,,,,,,,,,,,,,,,,,,,,,,,,
,,,,,,,,,,,,,,,,,,,,,,,,,,,,,,,,,,,,,,,,
,,,,,,,,,,,,,,,,,,,,,,,,,,,,,,,,,,,,,,,,
,,,,,,,,,,,,,,,,,,,,,,,,,,,,,,,,,,,,,,,,
,,,,,,,,,,,,,,,,,,,,,,,,,,,,,,,,,,,,,,,,
,,,,,,,,,,,,,,,,,,,,,,,,,,,,,,,,,,,,,,,,
,,,,,,,,,,,,,,,,,,,,,,,,,,,,,,,,,,,,,,,,
,,,,,,,,,,,,,,,,,,,,,,,,,,,,,,,,,,,,,,,,
,,,,,,,,,,,,,,,,,,,,,,,,,,,,,,,,,,,,,,,,
,,,,,,,,,,,,,,,,,,,,,,,,,,,,,,,,,,,,,,,,
,,,,,,,,,,,,,,,,,,,,,,,,,,,,,,,,,,,,,,,,
,,,,,,,,,,,,,,,,,,,,,,,,,,,,,,,,,,,,,,,,
,,,,,,,,,,,,,,,,,,,,,,,,,,,,,,,,,,,,,,,,
,,,,,,,,,,,,,,,,,,,,,,,,,,,,,,,,,,,,,,,,
,,,,,,,,,,,,,,,,,,,,,,,,,,,,,,,,,,,,,,,,
,,,,,,,,,,,,,,,,,,,,,,,,,,,,,,,,,,,,,,,,
,,,,,,,,,,,,,,,,,,,,,,,,,,,,,,,,,,,,,,,,
PRESIDENTIAL PREFERENCE - Democratic,,,,,,,,,,,,,,,,,,,,,,,,,,,,,,,,,,,,,,,,
"Cumulative Totals
Precinct",,,,,PETE BUTTIGIEG,,,,JOSEPH R. BIDEN,,,TULSI GABBARD,,,MARK STEWART GREENSTEIN,,,,,,,,,,,,,,,,,,,,,,,,,
54318,,                105,348,   6,   2,,,,,,,,,,,,,,,,,,,,,,,,,,,,,,,,,,,,,,,,
54320,,,,,20,129,   3,   2,,,,,,,,,,,,,,,,,,,,,,,,,,,,,,,,,,,,,,,,
54321,,,,,11, 87,   3,   0,,,,,,,,,,,,,,,,,,,,,,,,,,,,,,,,,,,,,,,,
54324,,,,,17,150,   5,   0,,,,,,,,,,,,,,,,,,,,,,,,,,,,,,,,,,,,,,,,
54501,,,,,18, 93,   1,   0,,,,,,,,,,,,,,,,,,,,,,,,,,,,,,,,,,,,,,,,
54503,,,,,27,191,   7,   1,,,,,,,,,,,,,,,,,,,,,,,,,,,,,,,,,,,,,,,,
54504,,,,,  5, 51,   1,   0,,,,,,,,,,,,,,,,,,,,,,,,,,,,,,,,,,,,,,,,
54505,,,,,24,192,   2,   0,,,,,,,,,,,,,,,,,,,,,,,,,,,,,,,,,,,,,,,,
54507,,,,,12, 76,   4,   0,,,,,,,,,,,,,,,,,,,,,,,,,,,,,,,,,,,,,,,,
54509,,,,,12,116,   0,   0,,,,,,,,,,,,,,,,,,,,,,,,,,,,,,,,,,,,,,,,
54510,,,,,10, 82,   2,   0,,,,,,,,,,,,,,,,,,,,,,,,,,,,,,,,,,,,,,,,
54511,,,,,17, 96,   1,   0,,,,,,,,,,,,,,,,,,,,,,,,,,,,,,,,,,,,,,,,
54514,,,,,22,229,   3,   0,,,,,,,,,,,,,,,,,,,,,,,,,,,,,,,,,,,,,,,,
54526,,,,,  4, 70,   2,   0,,,,,,,,,,,,,,,,,,,,,,,,,,,,,,,,,,,,,,,,
64401,,,,,17, 94,   3,   0,,,,,,,,,,,,,,,,,,,,,,,,,,,,,,,,,,,,,,,,
64402,,,,,22, 94,   6,   0,,,,,,,,,,,,,,,,,,,,,,,,,,,,,,,,,,,,,,,,
74401,,,,,23,114,   4,   0,,,,,,,,,,,,,,,,,,,,,,,,,,,,,,,,,,,,,,,,
74402,,,,,16, 86,   3,   0,,,,,,,,,,,,,,,,,,,,,,,,,,,,,,,,,,,,,,,,
74403,,,,,14, 79,   1,   0,,,,,,,,,,,,,,,,,,,,,,,,,,,,,,,,,,,,,,,,
74405,,,,,17, 63,   0,   0,,,,,,,,,,,,,,,,,,,,,,,,,,,,,,,,,,,,,,,,
74408,,,,,15,120,   4,   0,,,,,,,,,,,,,,,,,,,,,,,,,,,,,,,,,,,,,,,,
84301,,,,,10, 84,   5,   0,,,,,,,,,,,,,,,,,,,,,,,,,,,,,,,,,,,,,,,,
84302,,,,,  8,121,   0,   0,,,,,,,,,,,,,,,,,,,,,,,,,,,,,,,,,,,,,,,,
84303,,,,,19,116,   2,   0,,,,,,,,,,,,,,,,,,,,,,,,,,,,,,,,,,,,,,,,
84306,,,,,  9,112,   0,   2,,,,,,,,,,,,,,,,,,,,,,,,,,,,,,,,,,,,,,,,
84307,,,,,  7, 90,   2,   0,,,,,,,,,,,,,,,,,,,,,,,,,,,,,,,,,,,,,,,,
84309,,,,,  9,160,   4,   0,,,,,,,,,,,,,,,,,,,,,,,,,,,,,,,,,,,,,,,,
84501,,,,,13,150,   3,   0,,,,,,,,,,,,,,,,,,,,,,,,,,,,,,,,,,,,,,,,
91101,,,,,  1, 29,   0,   0,,,,,,,,,,,,,,,,,,,,,,,,,,,,,,,,,,,,,,,,
91102,,,,,  4, 15,   0,   0,,,,,,,,,,,,,,,,,,,,,,,,,,,,,,,,,,,,,,,,
91105,,,,,  1, 30,   0,   0,,,,,,,,,,,,,,,,,,,,,,,,,,,,,,,,,,,,,,,,
91107,,,,,  5, 62,   0,   0,,,,,,,,,,,,,,,,,,,,,,,,,,,,,,,,,,,,,,,,
91108,,,,,12,110,   2,   0,,,,,,,,,,,,,,,,,,,,,,,,,,,,,,,,,,,,,,,,
91111,,,,,21,132,   5,   0,,,,,,,,,,,,,,,,,,,,,,,,,,,,,,,,,,,,,,,,
91113,,,,,  3, 58,   0,   0,,,,,,,,,,,,,,,,,,,,,,,,,,,,,,,,,,,,,,,,
91203,,,,,  7, 29,   1,   0,,,,,,,,,,,,,,,,,,,,,,,,,,,,,,,,,,,,,,,,
91205,,,,,25,225,   6,   0,,,,,,,,,,,,,,,,,,,,,,,,,,,,,,,,,,,,,,,,
91206,,,,,  4, 37,   3,   0,,,,,,,,,,,,,,,,,,,,,,,,,,,,,,,,,,,,,,,,
91207,,,,,  1, 32,   1,   0,,,,,,,,,,,,,,,,,,,,,,,,,,,,,,,,,,,,,,,,
91213,,,,,  2, 17,   0,   0,,,,,,,,,,,,,,,,,,,,,,,,,,,,,,,,,,,,,,,,
91216,,,,,  6, 73,   2,   0,,,,,,,,,,,,,,,,,,,,,,,,,,,,,,,,,,,,,,,,
91217,,,,,  4, 50,   2,   0,,,,,,,,,,,,,,,,,,,,,,,,,,,,,,,,,,,,,,,,
91227,,,,,  4, 53,   3,   0,,,,,,,,,,,,,,,,,,,,,,,,,,,,,,,,,,,,,,,,
91301,,,,,  6, 83,   0,   0,,,,,,,,,,,,,,,,,,,,,,,,,,,,,,,,,,,,,,,,
91303,,,,,26,155,   4,   0,,,,,,,,,,,,,,,,,,,,,,,,,,,,,,,,,,,,,,,,
91402,,,,,16,113,   1,   0,,,,,,,,,,,,,,,,,,,,,,,,,,,,,,,,,,,,,,,,
91404,,,,,14, 45,   0,   0,,,,,,,,,,,,,,,,,,,,,,,,,,,,,,,,,,,,,,,,
91408,,,,,39,194,   8,   1,,,,,,,,,,,,,,,,,,,,,,,,,,,,,,,,,,,,,,,,
91414,,,,,11, 64,   4,   0,,,,,,,,,,,,,,,,,,,,,,,,,,,,,,,,,,,,,,,,
92401,,,,,  9, 65,   2,   0,,,,,,,,,,,,,,,,,,,,,,,,,,,,,,,,,,,,,,,,
92403,,,,,14, 32,   1,   0,,,,,,,,,,,,,,,,,,,,,,,,,,,,,,,,,,,,,,,,
92404,,,,,13, 71,   5,   0,,,,,,,,,,,,,,,,,,,,,,,,,,,,,,,,,,,,,,,,
92405,,,,,  5, 36,   0,   0,,,,,,,,,,,,,,,,,,,,,,,,,,,,,,,,,,,,,,,,
92406,,,,,15, 88,   3,   0,,,,,,,,,,,,,,,,,,,,,,,,,,,,,,,,,,,,,,,,
92409,,,,,  3, 44,   0,   0,,,,,,,,,,,,,,,,,,,,,,,,,,,,,,,,,,,,,,,,
92411,,,,,25,115,   3,   0,,,,,,,,,,,,,,,,,,,,,,,,,,,,,,,,,,,,,,,,
92413,,,,,10, 21,   0,   0,,,,,,,,,,,,,,,,,,,,,,,,,,,,,,,,,,P-32,,,,,,
,,,,,,,,,,,,,,,,,,,,,,,,,,,,,,,,,,,,,,,,
PRESIDENTIAL PREFERENCE - Democratic,,,,,,,,,,,,,,,,,,,,,,,,,,,,,,,,,,,,,,,,
"Cumulative Totals
Precinct",,,,,Party Member Registration,,Party Member Ballots Cast,,,Turnout (%),,Declined to State Voter Ballots Cast,,JULIÁN CASTRO,,,MICHAEL A. ELLINGER,,,ELIZABETH WARREN,,,MARIANNE WILLIAMSON,,,ANDREW YANG,,,"ROQUE ""ROCKY"" DE LA FUENTE III",,,,,JOHN K. DELANEY,,,,,,
92414,,,,,192,,125,,,65.1,,2,,3,,,0,,,3,,,1,,,1,,,0,,,,,,,0,,,,
92416,,,,,805,,523,,,65.0,,34,,5,,,0,,,35,,,1,,,2,,,1,,,,,,,2,,,,
92418,,,,,245,,173,,,70.6,,13,,0,,,0,,,22,,,1,,,2,,,0,,,,,,,0,,,,
92422,,,,,84,,55,,,65.5,,2,,0,,,0,,,6,,,0,,,0,,,0,,,,,,,0,,,,
93501,,,,,522,,317,,,60.7,,33,,2,,,0,,,28,,,1,,,8,,,1,,,,,,,1,,,,
93502,,,,,153,,118,,,77.1,,0,,0,,,0,,,7,,,1,,,1,,,0,,,,,,,0,,,,
93503,,,,,193,,109,,,56.5,,1,,3,,,0,,,6,,,0,,,0,,,0,,,,,,,0,,,,
93504,,,,,174,,107,,,61.5,,5,,0,,,0,,,5,,,0,,,2,,,0,,,,,,,0,,,,
93505,,,,,253,,150,,,59.3,,4,,0,,,0,,,7,,,0,,,2,,,0,,,,,,,0,,,,
93521,,,,,"1,363",,779,,,57.2,,22,,0,,,0,,,67,,,0,,,9,,,0,,,,,,,0,,,,
93522,,,,,831,,376,,,45.2,,80,,1,,,0,,,40,,,0,,,2,,,1,,,,,,,1,,,,
93524,,,,,87,,60,,,69.0,,0,,0,,,0,,,2,,,0,,,0,,,0,,,,,,,0,,,,
93532,,,,,"1,117",,647,,,57.9,,20,,0,,,0,,,51,,,0,,,9,,,0,,,,,,,1,,,,
94101,,,,,435,,212,,,48.7,,1,,0,,,0,,,11,,,0,,,3,,,1,,,,,,,0,,,,
94305,,,,,409,,238,,,58.2,,10,,6,,,1,,,10,,,0,,,0,,,0,,,,,,,0,,,,
94402,,,,,151,,104,,,68.9,,7,,0,,,0,,,9,,,0,,,2,,,0,,,,,,,0,,,,
94405,,,,,183,,113,,,61.7,,7,,1,,,0,,,13,,,0,,,0,,,0,,,,,,,0,,,,
94408,,,,,351,,219,,,62.4,,4,,1,,,0,,,19,,,0,,,3,,,0,,,,,,,0,,,,
94501,,,,,267,,137,,,51.3,,12,,1,,,0,,,12,,,0,,,0,,,0,,,,,,,0,,,,
94503,,,,,48,,31,,,64.6,,0,,0,,,0,,,4,,,0,,,0,,,0,,,,,,,0,,,,
94506,,,,,174,,100,,,57.5,,6,,0,,,0,,,7,,,1,,,0,,,0,,,,,,,1,,,,
111100,,,,,124,,57,,,46.0,,2,,1,,,0,,,2,,,0,,,0,,,0,,,,,,,1,,,,
111310,,,,,0,,0,,,0.0,,0,,0,,,0,,,0,,,0,,,0,,,0,,,,,,,0,,,,
111320,,,,,0,,0,,,0.0,,0,,0,,,0,,,0,,,0,,,0,,,0,,,,,,,0,,,,
111410,,,,,4,,0,,,0.0,,0,,0,,,0,,,0,,,0,,,0,,,0,,,,,,,0,,,,
111430,,,,,0,,0,,,0.0,,0,,0,,,0,,,0,,,0,,,0,,,0,,,,,,,0,,,,
111440,,,,,0,,0,,,0.0,,0,,0,,,0,,,0,,,0,,,0,,,0,,,,,,,0,,,,
111450,,,,,1,,1,,,100.0,,0,,0,,,0,,,0,,,0,,,0,,,0,,,,,,,0,,,,
111620,,,,,67,,24,,,35.8,,0,,0,,,0,,,2,,,0,,,0,,,0,,,,,,,0,,,,
111750,,,,,6,,3,,,50.0,,0,,0,,,0,,,0,,,0,,,0,,,0,,,,,,,0,,,,
111760,,,,,0,,0,,,0.0,,0,,0,,,0,,,0,,,0,,,0,,,0,,,,,,,0,,,,
111770,,,,,0,,0,,,0.0,,0,,0,,,0,,,0,,,0,,,0,,,0,,,,,,,0,,,,
111780,,,,,0,,0,,,0.0,,0,,0,,,0,,,0,,,0,,,0,,,0,,,,,,,0,,,,
111790,,,,,0,,0,,,0.0,,0,,0,,,0,,,0,,,0,,,0,,,0,,,,,,,0,,,,
112240,,,,,74,,44,,,59.5,,3,,0,,,0,,,2,,,0,,,0,,,0,,,,,,,0,,,,
112290,,,,,7,,2,,,28.6,,0,,0,,,0,,,0,,,0,,,0,,,0,,,,,,,0,,,,
112460,,,,,99,,59,,,59.6,,1,,0,,,0,,,7,,,0,,,0,,,0,,,,,,,0,,,,
112520,,,,,69,,37,,,53.6,,2,,2,,,0,,,2,,,1,,,3,,,0,,,,,,,0,,,,
112600,,,,,86,,40,,,46.5,,1,,1,,,0,,,0,,,1,,,1,,,0,,,,,,,0,,,,
112710,,,,,3,,2,,,66.7,,0,,0,,,0,,,0,,,0,,,0,,,0,,,,,,,0,,,,
113010,,,,,0,,0,,,0.0,,0,,0,,,0,,,0,,,0,,,0,,,0,,,,,,,0,,,,
113130,,,,,4,,6,,,150.0,,0,,0,,,0,,,0,,,0,,,0,,,0,,,,,,,0,,,,
113280,,,,,4,,3,,,75.0,,0,,0,,,0,,,0,,,0,,,0,,,0,,,,,,,0,,,,
113310,,,,,113,,71,,,62.8,,2,,0,,,0,,,2,,,0,,,0,,,0,,,,,,,0,,,,
113900,,,,,0,,0,,,0.0,,0,,0,,,0,,,0,,,0,,,0,,,0,,,,,,,0,,,,
113910,,,,,0,,0,,,0.0,,0,,0,,,0,,,0,,,0,,,0,,,0,,,,,,,0,,,,
335280,,,,,5,,3,,,60.0,,0,,0,,,0,,,0,,,0,,,0,,,0,,,,,,,0,,,,
335290,,,,,99,,40,,,40.4,,2,,0,,,0,,,8,,,0,,,0,,,0,,,,,,,0,,,,
335310,,,,,50,,19,,,38.0,,0,,0,,,0,,,0,,,0,,,1,,,0,,,,,,,0,,,,
335440,,,,,3,,2,,,66.7,,0,,0,,,0,,,0,,,0,,,0,,,0,,,,,,,0,,,,
335560,,,,,75,,33,,,44.0,,2,,0,,,0,,,4,,,0,,,0,,,0,,,,,,,0,,,,
335610,,,,,129,,61,,,47.3,,4,,0,,,0,,,4,,,0,,,1,,,0,,,,,,,0,,,,
335640,,,,,0,,0,,,0.0,,0,,0,,,0,,,0,,,0,,,0,,,0,,,,,,,0,,,,
424030,,,,,120,,58,,,48.3,,1,,0,,,0,,,5,,,0,,,2,,,0,,,,,,,0,,,,
424360,,,,,0,,0,,,0.0,,0,,0,,,0,,,0,,,0,,,0,,,0,,,,,,,0,,,,
424420,,,,,0,,0,,,0.0,,0,,0,,,0,,,0,,,0,,,0,,,0,,,,,,,0,,,,
543080,,,,,1,,1,,,100.0,,0,,0,,,0,,,0,,,0,,,0,,,0P-33,,,,,,,0,,,,
PRESIDENTIAL PREFERENCE - Democratic,,,,,,,,,,,,,,,,,,,,,,,,,,,,,,,,,,,,,,,,
"Cumulative Totals
Precinct",,,,,AMY KLOBUCHAR,,,,BERNIE SANDERS,,,JOE SESTAK,,,TOM STEYER,,,DEVAL PATRICK,,,MICHAEL BENNET,,,MICHAEL R. BLOOMBERG,,,MOSIE BOYD,,,CORY BOOKER,,,,,,,,,,
92414,,,,,1,,,,60,,,0,,,1,,,0,,,0,,,18,,,0,,,0,,,,,,,,,,
92416,,,,,,13,,,,,151,,0,,,15,,,0,,,0,,,103,,,1,,,0,,,,,,,,,
92418,,,,,,1,,,,,49,,0,,,10,,,0,,,0,,,20,,,0,,,0,,,,,,,,,
92422,,,,,,1,,,,,12,,0,,,1,,,0,,,0,,,16,,,0,,,0,,,,,,,,,
93501,,,,,,5,,,,,98,,0,,,4,,,0,,,1,,,61,,,0,,,0,,,,,,,,,
93502,,,,,,2,,,,,35,,1,,,9,,,0,,,0,,,13,,,0,,,0,,,,,,,,,
93503,,,,,,0,,,,,34,,0,,,7,,,0,,,1,,,12,,,1,,,0,,,,,,,,,
93504,,,,,,0,,,,,30,,0,,,3,,,0,,,1,,,27,,,0,,,0,,,,,,,,,
93505,,,,,,2,,,,,37,,0,,,4,,,0,,,0,,,21,,,0,,,1,,,,,,,,,
93521,,,,,,9,,,,,293,,0,,,5,,,0,,,1,,,81,,,0,,,1,,,,,,,,,
93522,,,,,,4,,,,,173,,1,,,4,,,0,,,1,,,53,,,0,,,0,,,,,,,,,
93524,,,,,,2,,,,,16,,0,,,4,,,0,,,1,,,13,,,0,,,0,,,,,,,,,
93532,,,,,,2,,,,,276,,0,,,8,,,0,,,2,,,75,,,1,,,0,,,,,,,,,
94101,,,,,,3,,,,,82,,1,,,7,,,0,,,0,,,31,,,0,,,0,,,,,,,,,
94305,,,,,,6,,,,,47,,1,,,12,,,0,,,2,,,47,,,0,,,0,,,,,,,,,
94402,,,,,,5,,,,,18,,0,,,2,,,0,,,0,,,23,,,0,,,0,,,,,,,,,
94405,,,,,,3,,,,,36,,0,,,2,,,0,,,0,,,21,,,0,,,1,,,,,,,,,
94408,,,,,,5,,,,,44,,0,,,7,,,0,,,1,,,37,,,0,,,0,,,,,,,,,
94501,,,,,,3,,,,,48,,0,,,0,,,0,,,0,,,10,,,0,,,0,,,,,,,,,
94503,,,,,,0,,,,,6,,0,,,0,,,1,,,0,,,3,,,0,,,0,,,,,,,,,
94506,,,,,,2,,,,,34,,0,,,7,,,0,,,0,,,18,,,1,,,0,,,,,,,,,
111100,,,,,,1,,,,,19,,0,,,1,,,0,,,2,,,3,,,0,,,1,,,,,,,,,
111310,,,,,,0,,,,,0,,0,,,0,,,0,,,0,,,0,,,0,,,0,,,,,,,,,
111320,,,,,,0,,,,,0,,0,,,0,,,0,,,0,,,0,,,0,,,0,,,,,,,,,
111410,,,,,,0,,,,,0,,0,,,0,,,0,,,0,,,0,,,0,,,0,,,,,,,,,
111430,,,,,,0,,,,,0,,0,,,0,,,0,,,0,,,0,,,0,,,0,,,,,,,,,
111440,,,,,,0,,,,,0,,0,,,0,,,0,,,0,,,0,,,0,,,0,,,,,,,,,
111450,,,,,,0,,,,,0,,0,,,0,,,0,,,0,,,0,,,0,,,0,,,,,,,,,
111620,,,,,,0,,,,,14,,0,,,0,,,0,,,1,,,4,,,0,,,0,,,,,,,,,
111750,,,,,,0,,,,,1,,0,,,0,,,0,,,0,,,0,,,0,,,1,,,,,,,,,
111760,,,,,,0,,,,,0,,0,,,0,,,0,,,0,,,0,,,0,,,0,,,,,,,,,
111770,,,,,,0,,,,,0,,0,,,0,,,0,,,0,,,0,,,0,,,0,,,,,,,,,
111780,,,,,,0,,,,,0,,0,,,0,,,0,,,0,,,0,,,0,,,0,,,,,,,,,
111790,,,,,,0,,,,,0,,0,,,0,,,0,,,0,,,0,,,0,,,0,,,,,,,,,
112240,,,,,,1,,,,,9,,0,,,4,,,1,,,0,,,6,,,0,,,0,,,,,,,,,
112290,,,,,,0,,,,,1,,0,,,0,,,0,,,0,,,0,,,0,,,0,,,,,,,,,
112460,,,,,,8,,,,,13,,0,,,1,,,0,,,0,,,10,,,0,,,0,,,,,,,,,
112520,,,,,,2,,,,,10,,0,,,3,,,0,,,0,,,6,,,0,,,0,,,,,,,,,
112600,,,,,,1,,,,,9,,0,,,8,,,0,,,0,,,8,,,0,,,0,,,,,,,,,
112710,,,,,,0,,,,,2,,0,,,0,,,0,,,0,,,0,,,0,,,0,,,,,,,,,
113010,,,,,,0,,,,,0,,0,,,0,,,0,,,0,,,0,,,0,,,0,,,,,,,,,
113130,,,,,,1,,,,,2,,0,,,0,,,0,,,0,,,2,,,0,,,0,,,,,,,,,
113280,,,,,,0,,,,,3,,0,,,0,,,0,,,0,,,0,,,0,,,0,,,,,,,,,
113310,,,,,,1,,,,,21,,0,,,1,,,0,,,0,,,12,,,0,,,1,,,,,,,,,
113900,,,,,,0,,,,,0,,0,,,0,,,0,,,0,,,0,,,0,,,0,,,,,,,,,
113910,,,,,,0,,,,,0,,0,,,0,,,0,,,0,,,0,,,0,,,0,,,,,,,,,
335280,,,,,,0,,,,,0,,0,,,0,,,0,,,0,,,0,,,0,,,0,,,,,,,,,
335290,,,,,,2,,,,,14,,0,,,3,,,0,,,0,,,3,,,0,,,0,,,,,,,,,
335310,,,,,,0,,,,,8,,0,,,0,,,0,,,0,,,2,,,0,,,0,,,,,,,,,
335440,,,,,,0,,,,,0,,0,,,0,,,0,,,0,,,0,,,0,,,0,,,,,,,,,
335560,,,,,,0,,,,,20,,0,,,0,,,0,,,0,,,1,,,0,,,0,,,,,,,,,
335610,,,,,,2,,,,,25,,0,,,5,,,0,,,1,,,5,,,0,,,0,,,,,,,,,
335640,,,,,,0,,,,,0,,0,,,0,,,0,,,0,,,0,,,0,,,0,,,,,,,,,
424030,,,,,,0,,,,,25,,0,,,1,,,0,,,0,,,9,,,0,,,0,,,,,,,,,
424360,,,,,,0,,,,,0,,0,,,0,,,0,,,0,,,0,,,0,,,0,,,,,,,,,
424420,,,,,,0,,,,,0,,0,,,0,,,0,,,0,,,0,,,0,,,0,,,,,,,,,
543080,,,,,,0,,,,,1,,0,,,0,,,0,,,0,,,0,,,0,,,P-034,,,,,,,,,
,,,,,,,,,,,,,,,,,,,,,,,,,,,,,,,,,,,,,,,,
,,,,,,,,,,,,,,,,,,,,,,,,,,,,,,,,,,,,,,,,
,,,,,,,,,,,,,,,,,,,,,,,,,,,,,,,,,,,,,,,,
,,,,,,,,,,,,,,,,,,,,,,,,,,,,,,,,,,,,,,,,
,,,,,,,,,,,,,,,,,,,,,,,,,,,,,,,,,,,,,,,,
,,,,,,,,,,,,,,,,,,,,,,,,,,,,,,,,,,,,,,,,
,,,,,,,,,,,,,,,,,,,,,,,,,,,,,,,,,,,,,,,,
,,,,,,,,,,,,,,,,,,,,,,,,,,,,,,,,,,,,,,,,
,,,,,,,,,,,,,,,,,,,,,,,,,,,,,,,,,,,,,,,,
,,,,,,,,,,,,,,,,,,,,,,,,,,,,,,,,,,,,,,,,
,,,,,,,,,,,,,,,,,,,,,,,,,,,,,,,,,,,,,,,,
,,,,,,,,,,,,,,,,,,,,,,,,,,,,,,,,,,,,,,,,
,,,,,,,,,,,,,,,,,,,,,,,,,,,,,,,,,,,,,,,,
,,,,,,,,,,,,,,,,,,,,,,,,,,,,,,,,,,,,,,,,
,,,,,,,,,,,,,,,,,,,,,,,,,,,,,,,,,,,,,,,,
,,,,,,,,,,,,,,,,,,,,,,,,,,,,,,,,,,,,,,,,
,,,,,,,,,,,,,,,,,,,,,,,,,,,,,,,,,,,,,,,,
,,,,,,,,,,,,,,,,,,,,,,,,,,,,,,,,,,,,,,,,
,,,,,,,,,,,,,,,,,,,,,,,,,,,,,,,,,,,,,,,,
,,,,,,,,,,,,,,,,,,,,,,,,,,,,,,,,,,,,,,,,
,,,,,,,,,,,,,,,,,,,,,,,,,,,,,,,,,,,,,,,,
,,,,,,,,,,,,,,,,,,,,,,,,,,,,,,,,,,,,,,,,
,,,,,,,,,,,,,,,,,,,,,,,,,,,,,,,,,,,,,,,,
,,,,,,,,,,,,,,,,,,,,,,,,,,,,,,,,,,,,,,,,
,,,,,,,,,,,,,,,,,,,,,,,,,,,,,,,,,,,,,,,,
,,,,,,,,,,,,,,,,,,,,,,,,,,,,,,,,,,,,,,,,
,,,,,,,,,,,,,,,,,,,,,,,,,,,,,,,,,,,,,,,,
,,,,,,,,,,,,,,,,,,,,,,,,,,,,,,,,,,,,,,,,
PRESIDENTIAL PREFERENCE - Democratic,,,,,,,,,,,,,,,,,,,,,,,,,,,,,,,,,,,,,,,,
"Cumulative Totals
Precinct",,,,,PETE BUTTIGIEG,,,,JOSEPH R. BIDEN,,,TULSI GABBARD,,,MARK STEWART GREENSTEIN,,,,,,,,,,,,,,,,,,,,,,,,,
92414,,,,,0,,,,36,,,0,,,0,,,,,,,,,,,,,,,,,,,,,,,,,
92416,,,,,45,167,   4,   0,,,,,,,,,,,,,,,,,,,,,,,,,,,,,,,,,,,,,,,,
92418,,,,,  8, 59,   2,   0,,,,,,,,,,,,,,,,,,,,,,,,,,,,,,,,,,,,,,,,
92422,,,,,  4, 14,   2,   1,,,,,,,,,,,,,,,,,,,,,,,,,,,,,,,,,,,,,,,,
93501,,,,,15,115,   2,   0,,,,,,,,,,,,,,,,,,,,,,,,,,,,,,,,,,,,,,,,
93502,,,,,  6, 32,   3,   1,,,,,,,,,,,,,,,,,,,,,,,,,,,,,,,,,,,,,,,,
93503,,,,,  6, 34,   2,   0,,,,,,,,,,,,,,,,,,,,,,,,,,,,,,,,,,,,,,,,
93504,,,,,  3, 33,   4,   0,,,,,,,,,,,,,,,,,,,,,,,,,,,,,,,,,,,,,,,,
93505,,,,,14, 60,   0,   0,,,,,,,,,,,,,,,,,,,,,,,,,,,,,,,,,,,,,,,,
93521,,,,,29,289,   6,   0,,,,,,,,,,,,,,,,,,,,,,,,,,,,,,,,,,,,,,,,
93522,,,,,20,143,   7,   0,,,,,,,,,,,,,,,,,,,,,,,,,,,,,,,,,,,,,,,,
93524,,,,,  4, 13,   3,   0,,,,,,,,,,,,,,,,,,,,,,,,,,,,,,,,,,,,,,,,
93532,,,,,20,212,   4,   2,,,,,,,,,,,,,,,,,,,,,,,,,,,,,,,,,,,,,,,,
94101,,,,,  8, 59,   0,   0,,,,,,,,,,,,,,,,,,,,,,,,,,,,,,,,,,,,,,,,
94305,,,,,20, 82,   2,   0,,,,,,,,,,,,,,,,,,,,,,,,,,,,,,,,,,,,,,,,
94402,,,,,  8, 29,   0,   0,,,,,,,,,,,,,,,,,,,,,,,,,,,,,,,,,,,,,,,,
94405,,,,,  3, 28,   2,   1,,,,,,,,,,,,,,,,,,,,,,,,,,,,,,,,,,,,,,,,
94408,,,,,12, 75,   6,   1,,,,,,,,,,,,,,,,,,,,,,,,,,,,,,,,,,,,,,,,
94501,,,,,14, 53,   2,   0,,,,,,,,,,,,,,,,,,,,,,,,,,,,,,,,,,,,,,,,
94503,,,,,  3, 11,   0,   0,,,,,,,,,,,,,,,,,,,,,,,,,,,,,,,,,,,,,,,,
94506,,,,,  6, 23,   2,   0,,,,,,,,,,,,,,,,,,,,,,,,,,,,,,,,,,,,,,,,
111100,,,,,1, 26,   0,   0,,,,,,,,,,,,,,,,,,,,,,,,,,,,,,,,,,,,,,,,
111310,,,,,0,   0,   0,   0,,,,,,,,,,,,,,,,,,,,,,,,,,,,,,,,,,,,,,,,
111320,,,,,0,   0,   0,   0,,,,,,,,,,,,,,,,,,,,,,,,,,,,,,,,,,,,,,,,
111410,,,,,0,   0,   0,   0,,,,,,,,,,,,,,,,,,,,,,,,,,,,,,,,,,,,,,,,
111430,,,,,0,   0,   0,   0,,,,,,,,,,,,,,,,,,,,,,,,,,,,,,,,,,,,,,,,
111440,,,,,0,   0,   0,   0,,,,,,,,,,,,,,,,,,,,,,,,,,,,,,,,,,,,,,,,
111450,,,,,0,   1,   0,   0,,,,,,,,,,,,,,,,,,,,,,,,,,,,,,,,,,,,,,,,
111620,,,,,1,   2,   0,   0,,,,,,,,,,,,,,,,,,,,,,,,,,,,,,,,,,,,,,,,
111750,,,,,0,   0,   0,   0,,,,,,,,,,,,,,,,,,,,,,,,,,,,,,,,,,,,,,,,
111760,,,,,0,   0,   0,   0,,,,,,,,,,,,,,,,,,,,,,,,,,,,,,,,,,,,,,,,
111770,,,,,0,   0,   0,   0,,,,,,,,,,,,,,,,,,,,,,,,,,,,,,,,,,,,,,,,
111780,,,,,0,   0,   0,   0,,,,,,,,,,,,,,,,,,,,,,,,,,,,,,,,,,,,,,,,
111790,,,,,0,   0,   0,   0,,,,,,,,,,,,,,,,,,,,,,,,,,,,,,,,,,,,,,,,
112240,,,,,3, 21,   0,   0,,,,,,,,,,,,,,,,,,,,,,,,,,,,,,,,,,,,,,,,
112290,,,,,0,   1,   0,   0,,,,,,,,,,,,,,,,,,,,,,,,,,,,,,,,,,,,,,,,
112460,,,,,3, 14,   0,   0,,,,,,,,,,,,,,,,,,,,,,,,,,,,,,,,,,,,,,,,
112520,,,,,2,   8,   0,   0,,,,,,,,,,,,,,,,,,,,,,,,,,,,,,,,,,,,,,,,
112600,,,,,1, 10,   1,   0,,,,,,,,,,,,,,,,,,,,,,,,,,,,,,,,,,,,,,,,
112710,,,,,0,   0,   0,   0,,,,,,,,,,,,,,,,,,,,,,,,,,,,,,,,,,,,,,,,
113010,,,,,0,   0,   0,   0,,,,,,,,,,,,,,,,,,,,,,,,,,,,,,,,,,,,,,,,
113130,,,,,1,   0,   0,   0,,,,,,,,,,,,,,,,,,,,,,,,,,,,,,,,,,,,,,,,
113280,,,,,0,   0,   0,   0,,,,,,,,,,,,,,,,,,,,,,,,,,,,,,,,,,,,,,,,
113310,,,,,6, 28,   0,   0,,,,,,,,,,,,,,,,,,,,,,,,,,,,,,,,,,,,,,,,
113900,,,,,0,   0,   0,   0,,,,,,,,,,,,,,,,,,,,,,,,,,,,,,,,,,,,,,,,
113910,,,,,0,   0,   0,   0,,,,,,,,,,,,,,,,,,,,,,,,,,,,,,,,,,,,,,,,
335280,,,,,0,   3,   0,   0,,,,,,,,,,,,,,,,,,,,,,,,,,,,,,,,,,,,,,,,
335290,,,,,3,   8,   1,   0,,,,,,,,,,,,,,,,,,,,,,,,,,,,,,,,,,,,,,,,
335310,,,,,0,   8,   0,   0,,,,,,,,,,,,,,,,,,,,,,,,,,,,,,,,,,,,,,,,
335440,,,,,0,   2,   0,   0,,,,,,,,,,,,,,,,,,,,,,,,,,,,,,,,,,,,,,,,
335560,,,,,1,   7,   1,   0,,,,,,,,,,,,,,,,,,,,,,,,,,,,,,,,,,,,,,,,
335610,,,,,2, 16,   2,   0,,,,,,,,,,,,,,,,,,,,,,,,,,,,,,,,,,,,,,,,
335640,,,,,0,   0,   0,   0,,,,,,,,,,,,,,,,,,,,,,,,,,,,,,,,,,,,,,,,
424030,,,,,2, 13,   2,   0,,,,,,,,,,,,,,,,,,,,,,,,,,,,,,,,,,,,,,,,
424360,,,,,0,   0,   0,   0,,,,,,,,,,,,,,,,,,,,,,,,,,,,,,,,,,,,,,,,
424420,,,,,0,   0,   0,   0,,,,,,,,,,,,,,,,,,,,,,,,,,,,,,,,,,,,,,,,
543080,,,,,0,   0,   0,   0,,,,,,,,,,,,,,,,,,,,,,,,,,,,,,,,,,,,,,,,
,,,,,,,,,,,,,,,,,,,,,,,,,,,,,,,,,,P-35,,,,,,
,,,,,,,,,,,,,,,,,,,,,,,,,,,,,,,,,,,,,,,,
PRESIDENTIAL PREFERENCE - Democratic,,,,,,,,,,,,,,,,,,,,,,,,,,,,,,,,,,,,,,,,
"Cumulative Totals
Precinct",,,,,Party Member Registration,,Party Member Ballots Cast,,,Turnout (%),,Declined to State Voter Ballots Cast,,JULIÁN CASTRO,,,MICHAEL A. ELLINGER,,,ELIZABETH WARREN,,,MARIANNE WILLIAMSON,,,ANDREW YANG,,,"ROQUE ""ROCKY"" DE LA FUENTE III",,,,,JOHN K. DELANEY,,,,,,
543280,,,,,3,,0,,,0.0,,0,,0,,,0,,,0,,,0,,,0,,,0,,,,,0,,,,,,
545060,,,,,1,,2,,,200.0,,0,,0,,,0,,,0,,,0,,,0,,,0,,,,,0,,,,,,
545090,,,,,2,,2,,,100.0,,0,,0,,,0,,,0,,,0,,,0,,,0,,,,,0,,,,,,
545220,,,,,104,,42,,,40.4,,3,,0,,,0,,,3,,,0,,,0,,,0,,,,,0,,,,,,
545270,,,,,0,,0,,,0.0,,0,,0,,,0,,,0,,,0,,,0,,,0,,,,,0,,,,,,
545310,,,,,2,,1,,,50.0,,0,,0,,,0,,,0,,,0,,,0,,,0,,,,,0,,,,,,
545311,,,,,0,,0,,,0.0,,0,,0,,,0,,,0,,,0,,,0,,,0,,,,,0,,,,,,
644900,,,,,0,,0,,,0.0,,0,,0,,,0,,,0,,,0,,,0,,,0,,,,,0,,,,,,
835010,,,,,0,,0,,,0.0,,0,,0,,,0,,,0,,,0,,,0,,,0,,,,,0,,,,,,
843080,,,,,11,,7,,,63.6,,0,,0,,,0,,,0,,,0,,,0,,,0,,,,,0,,,,,,
843110,,,,,4,,4,,,100.0,,0,,0,,,0,,,0,,,0,,,0,,,0,,,,,0,,,,,,
843160,,,,,0,,0,,,0.0,,0,,0,,,0,,,0,,,0,,,0,,,0,,,,,0,,,,,,
845020,,,,,0,,0,,,0.0,,0,,0,,,0,,,0,,,0,,,0,,,0,,,,,0,,,,,,
845030,,,,,3,,3,,,100.0,,0,,0,,,0,,,1,,,0,,,0,,,0,,,,,0,,,,,,
911030,,,,,171,,45,,,26.3,,0,,0,,,0,,,1,,,0,,,0,,,0,,,,,0,,,,,,
911040,,,,,105,,50,,,47.6,,0,,0,,,0,,,1,,,0,,,0,,,0,,,,,0,,,,,,
911060,,,,,76,,34,,,44.7,,0,,0,,,0,,,1,,,0,,,0,,,0,,,,,0,,,,,,
911090,,,,,34,,13,,,38.2,,1,,0,,,0,,,0,,,0,,,0,,,0,,,,,0,,,,,,
911100,,,,,6,,0,,,0.0,,0,,0,,,0,,,0,,,0,,,0,,,0,,,,,0,,,,,,
911190,,,,,11,,5,,,45.5,,0,,0,,,0,,,0,,,0,,,0,,,2,,,,,0,,,,,,
911200,,,,,2,,0,,,0.0,,0,,0,,,0,,,0,,,0,,,0,,,0,,,,,0,,,,,,
911220,,,,,37,,12,,,32.4,,0,,0,,,0,,,0,,,0,,,0,,,0,,,,,0,,,,,,
911230,,,,,1,,0,,,0.0,,0,,0,,,0,,,0,,,0,,,0,,,0,,,,,0,,,,,,
911240,,,,,8,,4,,,50.0,,0,,0,,,0,,,0,,,0,,,0,,,0,,,,,0,,,,,,
911260,,,,,5,,0,,,0.0,,0,,0,,,0,,,0,,,0,,,0,,,0,,,,,0,,,,,,
911270,,,,,0,,0,,,0.0,,0,,0,,,0,,,0,,,0,,,0,,,0,,,,,0,,,,,,
911900,,,,,0,,0,,,0.0,,0,,0,,,0,,,0,,,0,,,0,,,0,,,,,0,,,,,,
912010,,,,,13,,6,,,46.2,,1,,1,,,0,,,0,,,0,,,0,,,0,,,,,0,,,,,,
912020,,,,,0,,0,,,0.0,,0,,0,,,0,,,0,,,0,,,0,,,0,,,,,0,,,,,,
912040,,,,,133,,63,,,47.4,,1,,0,,,0,,,4,,,0,,,0,,,0,,,,,0,,,,,,
912041,,,,,0,,0,,,0.0,,0,,0,,,0,,,0,,,0,,,0,,,0,,,,,0,,,,,,
912042,,,,,131,,64,,,48.9,,3,,0,,,0,,,3,,,0,,,2,,,1,,,,,0,,,,,,
912080,,,,,36,,13,,,36.1,,0,,0,,,0,,,0,,,0,,,0,,,0,,,,,1,,,,,,
912140,,,,,4,,4,,,100.0,,0,,0,,,0,,,0,,,0,,,0,,,0,,,,,0,,,,,,
912210,,,,,116,,43,,,37.1,,1,,0,,,0,,,4,,,0,,,0,,,0,,,,,0,,,,,,
912240,,,,,0,,0,,,0.0,,0,,0,,,0,,,0,,,0,,,0,,,0,,,,,0,,,,,,
912260,,,,,11,,3,,,27.3,,0,,0,,,0,,,0,,,0,,,0,,,0,,,,,0,,,,,,
912290,,,,,0,,0,,,0.0,,0,,0,,,0,,,0,,,0,,,0,,,0,,,,,0,,,,,,
912300,,,,,0,,0,,,0.0,,0,,0,,,0,,,0,,,0,,,0,,,0,,,,,0,,,,,,
912310,,,,,10,,7,,,70.0,,0,,0,,,0,,,2,,,0,,,0,,,0,,,,,0,,,,,,
912320,,,,,0,,0,,,0.0,,0,,0,,,0,,,0,,,0,,,0,,,0,,,,,0,,,,,,
912330,,,,,0,,0,,,0.0,,0,,0,,,0,,,0,,,0,,,0,,,0,,,,,0,,,,,,
912350,,,,,0,,0,,,0.0,,0,,0,,,0,,,0,,,0,,,0,,,0,,,,,0,,,,,,
913010,,,,,41,,29,,,70.7,,0,,0,,,0,,,2,,,0,,,0,,,0,,,,,0,,,,,,
913040,,,,,4,,1,,,25.0,,0,,0,,,0,,,0,,,0,,,0,,,0,,,,,0,,,,,,
913070,,,,,39,,30,,,76.9,,0,,0,,,0,,,1,,,0,,,0,,,0,,,,,0,,,,,,
913080,,,,,42,,30,,,71.4,,2,,0,,,0,,,2,,,0,,,0,,,0,,,,,0,,,,,,
913090,,,,,48,,28,,,58.3,,1,,2,,,1,,,1,,,0,,,1,,,1,,,,,0,,,,,,
913100,,,,,3,,3,,,100.0,,0,,0,,,0,,,0,,,0,,,0,,,0,,,,,0,,,,,,
913110,,,,,0,,0,,,0.0,,0,,0,,,0,,,0,,,0,,,0,,,0,,,,,0,,,,,,
913120,,,,,0,,0,,,0.0,,0,,0,,,0,,,0,,,0,,,0,,,0,,,,,0,,,,,,
913140,,,,,1,,0,,,0.0,,0,,0,,,0,,,0,,,0,,,0,,,0,,,,,0,,,,,,
913150,,,,,38,,21,,,55.3,,1,,0,,,0,,,1,,,0,,,0,,,0,,,,,0,,,,,,
913160,,,,,0,,0,,,0.0,,0,,0,,,0,,,0,,,0,,,0,,,0,,,,,0,,,,,,
914010,,,,,71,,45,,,63.4,,0,,0,,,0,,,3,,,0,,,0,,,0,,,,,0,,,,,,
914060,,,,,20,,14,,,70.0,,1,,0,,,1,,,0,,,0,,,0,,,0,,,,,0,,,,,,
914100,,,,,42,,20,,,47.6,,0,,,,,,,,,,,,,,,,,,,,,,,,,,,,
0,   0,   0,   0,   0,   0P-36      0,,,,,,,,,,,,,,,,,,,,,,,,,,,,,,,,,,,,,,,,
PRESIDENTIAL PREFERENCE - Democratic,,,,,,,,,,,,,,,,,,,,,,,,,,,,,,,,,,,,,,,,
"Cumulative Totals
Precinct",,,,,AMY KLOBUCHAR,,,,BERNIE SANDERS,,,JOE SESTAK,,,TOM STEYER,,,DEVAL PATRICK,,,MICHAEL BENNET,,,MICHAEL R. BLOOMBERG,,,MOSIE BOYD,,,CORY BOOKER,,,,,,,,,,
543280,,,,,,0,,,,,0,,0,,,0,,,0,,,0,,,0,,,0,,,0,,,,,,,,,
545060,,,,,,0,,,,,1,,0,,,0,,,0,,,0,,,0,,,0,,,0,,,,,,,,,
545090,,,,,,0,,,,,0,,0,,,0,,,0,,,0,,,1,,,0,,,0,,,,,,,,,
545220,,,,,,1,,,,,17,,0,,,1,,,0,,,0,,,4,,,0,,,0,,,,,,,,,
545270,,,,,,0,,,,,0,,0,,,0,,,0,,,0,,,0,,,0,,,0,,,,,,,,,
545310,,,,,,0,,,,,0,,0,,,0,,,0,,,0,,,0,,,0,,,0,,,,,,,,,
545311,,,,,,0,,,,,0,,0,,,0,,,0,,,0,,,0,,,0,,,0,,,,,,,,,
644900,,,,,,0,,,,,0,,0,,,0,,,0,,,0,,,0,,,0,,,0,,,,,,,,,
835010,,,,,,0,,,,,0,,0,,,0,,,0,,,0,,,0,,,0,,,0,,,,,,,,,
843080,,,,,,0,,,,,2,,0,,,0,,,0,,,0,,,0,,,1,,,0,,,,,,,,,
843110,,,,,,1,,,,,1,,0,,,0,,,0,,,0,,,0,,,0,,,0,,,,,,,,,
843160,,,,,,0,,,,,0,,0,,,0,,,0,,,0,,,0,,,0,,,0,,,,,,,,,
845020,,,,,,0,,,,,0,,0,,,0,,,0,,,0,,,0,,,0,,,0,,,,,,,,,
845030,,,,,,0,,,,,0,,0,,,0,,,0,,,0,,,1,,,0,,,0,,,,,,,,,
911030,,,,,,0,,,,,21,,0,,,1,,,0,,,0,,,10,,,0,,,0,,,,,,,,,
911040,,,,,,3,,,,,18,,0,,,4,,,0,,,0,,,6,,,0,,,0,,,,,,,,,
911060,,,,,,1,,,,,7,,0,,,1,,,0,,,0,,,10,,,0,,,0,,,,,,,,,
911090,,,,,,0,,,,,5,,0,,,0,,,0,,,0,,,4,,,0,,,0,,,,,,,,,
911100,,,,,,0,,,,,0,,0,,,0,,,0,,,0,,,0,,,0,,,0,,,,,,,,,
911190,,,,,,0,,,,,1,,0,,,0,,,0,,,0,,,0,,,0,,,0,,,,,,,,,
911200,,,,,,0,,,,,0,,0,,,0,,,0,,,0,,,0,,,0,,,0,,,,,,,,,
911220,,,,,,0,,,,,1,,0,,,0,,,0,,,0,,,3,,,0,,,0,,,,,,,,,
911230,,,,,,0,,,,,0,,0,,,0,,,0,,,0,,,0,,,0,,,0,,,,,,,,,
911240,,,,,,0,,,,,1,,0,,,1,,,0,,,0,,,1,,,0,,,0,,,,,,,,,
911260,,,,,,0,,,,,0,,0,,,0,,,0,,,0,,,0,,,0,,,0,,,,,,,,,
911270,,,,,,0,,,,,0,,0,,,0,,,0,,,0,,,0,,,0,,,0,,,,,,,,,
911900,,,,,,0,,,,,0,,0,,,0,,,0,,,0,,,0,,,0,,,0,,,,,,,,,
912010,,,,,,0,,,,,1,,0,,,0,,,0,,,0,,,5,,,0,,,0,,,,,,,,,
912020,,,,,,0,,,,,0,,0,,,0,,,0,,,0,,,0,,,0,,,0,,,,,,,,,
912040,,,,,,0,,,,,21,,0,,,3,,,0,,,1,,,11,,,0,,,1,,,,,,,,,
912041,,,,,,0,,,,,0,,0,,,0,,,0,,,0,,,0,,,0,,,0,,,,,,,,,
912042,,,,,,0,,,,,28,,0,,,0,,,1,,,0,,,9,,,1,,,0,,,,,,,,,
912080,,,,,,0,,,,,4,,0,,,0,,,0,,,0,,,2,,,0,,,0,,,,,,,,,
912140,,,,,,0,,,,,1,,0,,,0,,,0,,,0,,,1,,,0,,,0,,,,,,,,,
912210,,,,,,0,,,,,14,,0,,,3,,,0,,,1,,,12,,,0,,,0,,,,,,,,,
912240,,,,,,0,,,,,0,,0,,,0,,,0,,,0,,,0,,,0,,,0,,,,,,,,,
912260,,,,,,0,,,,,1,,0,,,0,,,0,,,0,,,2,,,0,,,0,,,,,,,,,
912290,,,,,,0,,,,,0,,0,,,0,,,0,,,0,,,0,,,0,,,0,,,,,,,,,
912300,,,,,,0,,,,,0,,0,,,0,,,0,,,0,,,0,,,0,,,0,,,,,,,,,
912310,,,,,,1,,,,,3,,0,,,0,,,0,,,0,,,1,,,0,,,0,,,,,,,,,
912320,,,,,,0,,,,,0,,0,,,0,,,0,,,0,,,0,,,0,,,0,,,,,,,,,
912330,,,,,,0,,,,,0,,0,,,0,,,0,,,0,,,0,,,0,,,0,,,,,,,,,
912350,,,,,,0,,,,,0,,0,,,0,,,0,,,0,,,0,,,0,,,0,,,,,,,,,
913010,,,,,,5,,,,,6,,0,,,2,,,0,,,0,,,5,,,0,,,0,,,,,,,,,
913040,,,,,,0,,,,,0,,0,,,0,,,0,,,0,,,0,,,0,,,0,,,,,,,,,
913070,,,,,,2,,,,,7,,0,,,2,,,0,,,0,,,10,,,0,,,0,,,,,,,,,
913080,,,,,,2,,,,,6,,0,,,0,,,0,,,0,,,10,,,0,,,0,,,,,,,,,
913090,,,,,,0,,,,,6,,0,,,6,,,0,,,0,,,3,,,1,,,0,,,,,,,,,
913100,,,,,,0,,,,,1,,0,,,2,,,0,,,0,,,0,,,0,,,0,,,,,,,,,
913110,,,,,,0,,,,,0,,0,,,0,,,0,,,0,,,0,,,0,,,0,,,,,,,,,
913120,,,,,,0,,,,,0,,0,,,0,,,0,,,0,,,0,,,0,,,0,,,,,,,,,
913140,,,,,,0,,,,,0,,0,,,0,,,0,,,0,,,0,,,0,,,0,,,,,,,,,
913150,,,,,,0,,,,,9,,0,,,5,,,0,,,0,,,3,,,0,,,0,,,,,,,,,
913160,,,,,,0,,,,,0,,0,,,0,,,0,,,0,,,0,,,0,,,0,,,,,,,,,
914010,,,,,,1,,,,,11,,0,,,3,,,0,,,1,,,11,,,0,,,1,,,,,,,,,
914060,,,,,,2,,,,,4,,0,,,0,,,0,,,0,,,2,,,0,,,0,,,,,,,,,
914100,,,,,,0,,,,,8,,0,,,1,,,0,,,0,,,7,,,0,,,P-037,,,,,,,,,
,,,,,,,,,,,,,,,,,,,,,,,,,,,,,,,,,,,,,,,,
,,,,,,,,,,,,,,,,,,,,,,,,,,,,,,,,,,,,,,,,
,,,,,,,,,,,,,,,,,,,,,,,,,,,,,,,,,,,,,,,,
,,,,,,,,,,,,,,,,,,,,,,,,,,,,,,,,,,,,,,,,
,,,,,,,,,,,,,,,,,,,,,,,,,,,,,,,,,,,,,,,,
,,,,,,,,,,,,,,,,,,,,,,,,,,,,,,,,,,,,,,,,
,,,,,,,,,,,,,,,,,,,,,,,,,,,,,,,,,,,,,,,,
,,,,,,,,,,,,,,,,,,,,,,,,,,,,,,,,,,,,,,,,
,,,,,,,,,,,,,,,,,,,,,,,,,,,,,,,,,,,,,,,,
,,,,,,,,,,,,,,,,,,,,,,,,,,,,,,,,,,,,,,,,
,,,,,,,,,,,,,,,,,,,,,,,,,,,,,,,,,,,,,,,,
,,,,,,,,,,,,,,,,,,,,,,,,,,,,,,,,,,,,,,,,
,,,,,,,,,,,,,,,,,,,,,,,,,,,,,,,,,,,,,,,,
,,,,,,,,,,,,,,,,,,,,,,,,,,,,,,,,,,,,,,,,
,,,,,,,,,,,,,,,,,,,,,,,,,,,,,,,,,,,,,,,,
,,,,,,,,,,,,,,,,,,,,,,,,,,,,,,,,,,,,,,,,
,,,,,,,,,,,,,,,,,,,,,,,,,,,,,,,,,,,,,,,,
,,,,,,,,,,,,,,,,,,,,,,,,,,,,,,,,,,,,,,,,
,,,,,,,,,,,,,,,,,,,,,,,,,,,,,,,,,,,,,,,,
,,,,,,,,,,,,,,,,,,,,,,,,,,,,,,,,,,,,,,,,
,,,,,,,,,,,,,,,,,,,,,,,,,,,,,,,,,,,,,,,,
,,,,,,,,,,,,,,,,,,,,,,,,,,,,,,,,,,,,,,,,
,,,,,,,,,,,,,,,,,,,,,,,,,,,,,,,,,,,,,,,,
,,,,,,,,,,,,,,,,,,,,,,,,,,,,,,,,,,,,,,,,
,,,,,,,,,,,,,,,,,,,,,,,,,,,,,,,,,,,,,,,,
,,,,,,,,,,,,,,,,,,,,,,,,,,,,,,,,,,,,,,,,
,,,,,,,,,,,,,,,,,,,,,,,,,,,,,,,,,,,,,,,,
,,,,,,,,,,,,,,,,,,,,,,,,,,,,,,,,,,,,,,,,
PRESIDENTIAL PREFERENCE - Democratic,,,,,,,,,,,,,,,,,,,,,,,,,,,,,,,,,,,,,,,,
"Cumulative Totals
Precinct",,,,,PETE BUTTIGIEG,,,,JOSEPH R. BIDEN,,,TULSI GABBARD,,,MARK STEWART GREENSTEIN,,,,,,,,,,,,,,,,,,,,,,,,,
543280,,,,,0,   0,   0,   0,,,,,,,,,,,,,,,,,,,,,,,,,,,,,,,,,,,,,,,,
545060,,,,,1,   0,   0,   0,,,,,,,,,,,,,,,,,,,,,,,,,,,,,,,,,,,,,,,,
545090,,,,,0,   1,   0,   0,,,,,,,,,,,,,,,,,,,,,,,,,,,,,,,,,,,,,,,,
545220,,,,,2, 13,   0,   0,,,,,,,,,,,,,,,,,,,,,,,,,,,,,,,,,,,,,,,,
545270,,,,,0,   0,   0,   0,,,,,,,,,,,,,,,,,,,,,,,,,,,,,,,,,,,,,,,,
545310,,,,,0,   1,   0,   0,,,,,,,,,,,,,,,,,,,,,,,,,,,,,,,,,,,,,,,,
545311,,,,,0,   0,   0,   0,,,,,,,,,,,,,,,,,,,,,,,,,,,,,,,,,,,,,,,,
644900,,,,,0,   0,   0,   0,,,,,,,,,,,,,,,,,,,,,,,,,,,,,,,,,,,,,,,,
835010,,,,,0,   0,   0,   0,,,,,,,,,,,,,,,,,,,,,,,,,,,,,,,,,,,,,,,,
843080,,,,,0,   2,   0,   0,,,,,,,,,,,,,,,,,,,,,,,,,,,,,,,,,,,,,,,,
843110,,,,,0,   2,   0,   0,,,,,,,,,,,,,,,,,,,,,,,,,,,,,,,,,,,,,,,,
843160,,,,,0,   0,   0,   0,,,,,,,,,,,,,,,,,,,,,,,,,,,,,,,,,,,,,,,,
845020,,,,,0,   0,   0,   0,,,,,,,,,,,,,,,,,,,,,,,,,,,,,,,,,,,,,,,,
845030,,,,,0,   1,   0,   0,,,,,,,,,,,,,,,,,,,,,,,,,,,,,,,,,,,,,,,,
911030,,,,,0, 12,   0,   0,,,,,,,,,,,,,,,,,,,,,,,,,,,,,,,,,,,,,,,,
911040,,,,,0, 17,   0,   0,,,,,,,,,,,,,,,,,,,,,,,,,,,,,,,,,,,,,,,,
911060,,,,,4,   8,   1,   0,,,,,,,,,,,,,,,,,,,,,,,,,,,,,,,,,,,,,,,,
911090,,,,,1,   4,   0,   0,,,,,,,,,,,,,,,,,,,,,,,,,,,,,,,,,,,,,,,,
911100,,,,,0,   0,   0,   0,,,,,,,,,,,,,,,,,,,,,,,,,,,,,,,,,,,,,,,,
911190,,,,,1,   0,   0,   0,,,,,,,,,,,,,,,,,,,,,,,,,,,,,,,,,,,,,,,,
911200,,,,,0,   0,   0,   0,,,,,,,,,,,,,,,,,,,,,,,,,,,,,,,,,,,,,,,,
911220,,,,,2,   6,   0,   0,,,,,,,,,,,,,,,,,,,,,,,,,,,,,,,,,,,,,,,,
911230,,,,,0,   0,   0,   0,,,,,,,,,,,,,,,,,,,,,,,,,,,,,,,,,,,,,,,,
911240,,,,,0,   1,   0,   0,,,,,,,,,,,,,,,,,,,,,,,,,,,,,,,,,,,,,,,,
911260,,,,,0,   0,   0,   0,,,,,,,,,,,,,,,,,,,,,,,,,,,,,,,,,,,,,,,,
911270,,,,,0,   0,   0,   0,,,,,,,,,,,,,,,,,,,,,,,,,,,,,,,,,,,,,,,,
911900,,,,,0,   0,   0,   0,,,,,,,,,,,,,,,,,,,,,,,,,,,,,,,,,,,,,,,,
912010,,,,,0,   0,   0,   0,,,,,,,,,,,,,,,,,,,,,,,,,,,,,,,,,,,,,,,,
912020,,,,,0,   0,   0,   0,,,,,,,,,,,,,,,,,,,,,,,,,,,,,,,,,,,,,,,,
912040,,,,,5, 15,   0,   0,,,,,,,,,,,,,,,,,,,,,,,,,,,,,,,,,,,,,,,,
912041,,,,,0,   0,   0,   0,,,,,,,,,,,,,,,,,,,,,,,,,,,,,,,,,,,,,,,,
912042,,,,,2, 20,   0,   0,,,,,,,,,,,,,,,,,,,,,,,,,,,,,,,,,,,,,,,,
912080,,,,,1,   4,   0,   0,,,,,,,,,,,,,,,,,,,,,,,,,,,,,,,,,,,,,,,,
912140,,,,,0,   2,   0,   0,,,,,,,,,,,,,,,,,,,,,,,,,,,,,,,,,,,,,,,,
912210,,,,,0,   7,   0,   0,,,,,,,,,,,,,,,,,,,,,,,,,,,,,,,,,,,,,,,,
912240,,,,,0,   0,   0,   0,,,,,,,,,,,,,,,,,,,,,,,,,,,,,,,,,,,,,,,,
912260,,,,,0,   0,   0,   0,,,,,,,,,,,,,,,,,,,,,,,,,,,,,,,,,,,,,,,,
912290,,,,,0,   0,   0,   0,,,,,,,,,,,,,,,,,,,,,,,,,,,,,,,,,,,,,,,,
912300,,,,,0,   0,   0,   0,,,,,,,,,,,,,,,,,,,,,,,,,,,,,,,,,,,,,,,,
912310,,,,,0,   0,   0,   0,,,,,,,,,,,,,,,,,,,,,,,,,,,,,,,,,,,,,,,,
912320,,,,,0,   0,   0,   0,,,,,,,,,,,,,,,,,,,,,,,,,,,,,,,,,,,,,,,,
912330,,,,,0,   0,   0,   0,,,,,,,,,,,,,,,,,,,,,,,,,,,,,,,,,,,,,,,,
912350,,,,,0,   0,   0,   0,,,,,,,,,,,,,,,,,,,,,,,,,,,,,,,,,,,,,,,,
913010,,,,,1,   8,   0,   0,,,,,,,,,,,,,,,,,,,,,,,,,,,,,,,,,,,,,,,,
913040,,,,,1,   0,   0,   0,,,,,,,,,,,,,,,,,,,,,,,,,,,,,,,,,,,,,,,,
913070,,,,,4,   3,   0,   0,,,,,,,,,,,,,,,,,,,,,,,,,,,,,,,,,,,,,,,,
913080,,,,,2,   8,   1,   0,,,,,,,,,,,,,,,,,,,,,,,,,,,,,,,,,,,,,,,,
913090,,,,,2,   5,   0,   0,,,,,,,,,,,,,,,,,,,,,,,,,,,,,,,,,,,,,,,,
913100,,,,,0,   0,   0,   0,,,,,,,,,,,,,,,,,,,,,,,,,,,,,,,,,,,,,,,,
913110,,,,,0,   0,   0,   0,,,,,,,,,,,,,,,,,,,,,,,,,,,,,,,,,,,,,,,,
913120,,,,,0,   0,   0,   0,,,,,,,,,,,,,,,,,,,,,,,,,,,,,,,,,,,,,,,,
913140,,,,,0,   0,   0,   0,,,,,,,,,,,,,,,,,,,,,,,,,,,,,,,,,,,,,,,,
913150,,,,,0,   3,   0,   0,,,,,,,,,,,,,,,,,,,,,,,,,,,,,,,,,,,,,,,,
913160,,,,,0,   0,   0,   0,,,,,,,,,,,,,,,,,,,,,,,,,,,,,,,,,,,,,,,,
914010,,,,,1, 12,   0,   0,,,,,,,,,,,,,,,,,,,,,,,,,,,,,,,,,,,,,,,,
914060,,,,,1,   4,   1,   0,,,,,,,,,,,,,,,,,,,,,,,,,,,,,,,,,,,,,,,,
914100,,,,,0,   2,   0,   0,,,,,,,,,,,,,,,,,,,,,,,,,,,,,,,,,,P-38,,,,,,
,,,,,,,,,,,,,,,,,,,,,,,,,,,,,,,,,,,,,,,,
PRESIDENTIAL PREFERENCE - Democratic,,,,,,,,,,,,,,,,,,,,,,,,,,,,,,,,,,,,,,,,
"Cumulative Totals
Precinct",,,,,Party Member Registration,,Party Member Ballots Cast,,,Turnout (%),,Declined to State Voter Ballots Cast,,JULIÁN CASTRO,,,MICHAEL A. ELLINGER,,,ELIZABETH WARREN,,,MARIANNE WILLIAMSON,,,ANDREW YANG,,,"ROQUE ""ROCKY"" DE LA FUENTE III",,,,,JOHN K. DELANEY,,,,,,
914130,,,,,1,,0,,,0.0,,0,,0,,,0,,,0,,,0,,,0,,,0,,,,,,,0,,,,
914150,,,,,20,,13,,,65.0,,0,,0,,,0,,,0,,,0,,,0,,,0,,,,,,,0,,,,
914170,,,,,20,,11,,,55.0,,0,,0,,,0,,,3,,,0,,,0,,,0,,,,,,,0,,,,
914180,,,,,17,,9,,,52.9,,0,,0,,,0,,,1,,,0,,,0,,,0,,,,,,,0,,,,
914190,,,,,5,,4,,,80.0,,0,,0,,,0,,,0,,,0,,,0,,,0,,,,,,,0,,,,
914200,,,,,50,,31,,,62.0,,0,,0,,,0,,,2,,,0,,,0,,,0,,,,,,,0,,,,
914220,,,,,31,,21,,,67.7,,0,,0,,,0,,,2,,,0,,,0,,,0,,,,,,,0,,,,
914230,,,,,13,,8,,,61.5,,0,,0,,,0,,,0,,,0,,,0,,,0,,,,,,,0,,,,
914240,,,,,31,,17,,,54.8,,2,,0,,,0,,,1,,,0,,,0,,,0,,,,,,,0,,,,
914250,,,,,1,,0,,,0.0,,0,,0,,,0,,,0,,,0,,,0,,,0,,,,,,,0,,,,
923010,,,,,5,,3,,,60.0,,0,,0,,,0,,,0,,,0,,,0,,,0,,,,,,,0,,,,
924010,,,,,3,,1,,,33.3,,0,,0,,,0,,,1,,,0,,,0,,,0,,,,,,,0,,,,
924020,,,,,22,,14,,,63.6,,0,,0,,,0,,,1,,,0,,,0,,,0,,,,,,,0,,,,
924080,,,,,66,,44,,,66.7,,0,,0,,,0,,,7,,,1,,,0,,,0,,,,,,,0,,,,
924250,,,,,12,,9,,,75.0,,0,,0,,,0,,,0,,,0,,,0,,,0,,,,,,,0,,,,
924270,,,,,4,,2,,,50.0,,0,,0,,,0,,,0,,,0,,,0,,,0,,,,,,,0,,,,
924280,,,,,1,,1,,,100.0,,0,,0,,,0,,,0,,,0,,,0,,,0,,,,,,,0,,,,
924290,,,,,2,,1,,,50.0,,0,,0,,,0,,,0,,,0,,,0,,,0,,,,,,,0,,,,
924310,,,,,1,,0,,,0.0,,0,,0,,,0,,,0,,,0,,,0,,,0,,,,,,,0,,,,
924330,,,,,50,,30,,,60.0,,0,,0,,,0,,,0,,,0,,,0,,,1,,,,,,,0,,,,
924370,,,,,29,,14,,,48.3,,1,,0,,,0,,,0,,,0,,,0,,,0,,,,,,,0,,,,
924380,,,,,20,,13,,,65.0,,0,,0,,,0,,,1,,,1,,,0,,,1,,,,,,,0,,,,
924390,,,,,1,,0,,,0.0,,0,,0,,,0,,,0,,,0,,,0,,,0,,,,,,,0,,,,
924400,,,,,20,,18,,,90.0,,0,,0,,,0,,,2,,,0,,,0,,,0,,,,,,,0,,,,
933010,,,,,35,,20,,,57.1,,1,,0,,,0,,,1,,,0,,,1,,,0,,,,,,,0,,,,
933020,,,,,19,,13,,,68.4,,1,,0,,,0,,,0,,,0,,,0,,,0,,,,,,,0,,,,
933030,,,,,59,,25,,,42.4,,1,,0,,,0,,,1,,,0,,,0,,,0,,,,,,,0,,,,
933040,,,,,1,,1,,,100.0,,0,,0,,,0,,,0,,,0,,,0,,,0,,,,,,,0,,,,
935070,,,,,36,,23,,,63.9,,0,,0,,,0,,,1,,,0,,,0,,,0,,,,,,,0,,,,
935080,,,,,13,,6,,,46.2,,0,,0,,,0,,,0,,,0,,,0,,,0,,,,,,,0,,,,
935090,,,,,3,,2,,,66.7,,0,,0,,,0,,,0,,,0,,,0,,,0,,,,,,,0,,,,
935100,,,,,52,,38,,,73.1,,1,,0,,,0,,,3,,,0,,,1,,,0,,,,,,,0,,,,
935110,,,,,24,,19,,,79.2,,0,,0,,,0,,,0,,,0,,,0,,,0,,,,,,,0,,,,
935130,,,,,12,,10,,,83.3,,0,,0,,,0,,,1,,,0,,,0,,,0,,,,,,,0,,,,
935140,,,,,17,,11,,,64.7,,0,,0,,,0,,,2,,,0,,,0,,,0,,,,,,,0,,,,
935150,,,,,9,,4,,,44.4,,0,,0,,,0,,,1,,,0,,,0,,,0,,,,,,,0,,,,
935160,,,,,55,,36,,,65.5,,1,,0,,,0,,,2,,,0,,,1,,,0,,,,,,,0,,,,
935170,,,,,8,,3,,,37.5,,0,,0,,,0,,,0,,,0,,,0,,,0,,,,,,,0,,,,
935180,,,,,72,,47,,,65.3,,1,,0,,,0,,,1,,,0,,,0,,,0,,,,,,,0,,,,
935190,,,,,12,,4,,,33.3,,0,,0,,,0,,,0,,,0,,,0,,,0,,,,,,,0,,,,
935200,,,,,0,,0,,,0.0,,0,,0,,,0,,,0,,,0,,,0,,,0,,,,,,,0,,,,
935250,,,,,0,,0,,,0.0,,0,,0,,,0,,,0,,,0,,,0,,,0,,,,,,,0,,,,
935260,,,,,15,,12,,,80.0,,0,,0,,,0,,,1,,,0,,,0,,,0,,,,,,,0,,,,
935270,,,,,9,,3,,,33.3,,1,,0,,,0,,,0,,,0,,,0,,,0,,,,,,,0,,,,
935280,,,,,0,,0,,,0.0,,0,,0,,,0,,,0,,,0,,,0,,,0,,,,,,,0,,,,
935290,,,,,2,,1,,,50.0,,0,,0,,,0,,,0,,,0,,,0,,,0,,,,,,,0,,,,
935300,,,,,3,,2,,,66.7,,2,,0,,,0,,,0,,,0,,,0,,,0,,,,,,,0,,,,
935370,,,,,2,,2,,,100.0,,0,,0,,,0,,,0,,,0,,,0,,,0,,,,,,,0,,,,
935380,,,,,5,,6,,,120.0,,0,,0,,,0,,,0,,,0,,,0,,,0,,,,,,,0,,,,
935390,,,,,0,,0,,,0.0,,0,,0,,,0,,,0,,,0,,,0,,,0,,,,,,,0,,,,
935400,,,,,0,,0,,,0.0,,0,,0,,,0,,,0,,,0,,,0,,,0,,,,,,,0,,,,
935410,,,,,0,,0,,,0.0,,0,,0,,,0,,,0,,,0,,,0,,,0,,,,,,,0,,,,
935420,,,,,0,,0,,,0.0,,0,,0,,,0,,,0,,,0,,,0,,,0,,,,,,,0,,,,
935430,,,,,12,,8,,,66.7,,0,,0,,,0,,,0,,,0,,,0,,,0,,,,,,,0,,,,
941020,,,,,0,,0,,,0.0,,0,,0,,,0,,,0,,,0,,,0,,,0,,,,,,,0,,,,
941030,,,,,18,,11,,,61.1,,1,,0,,,0,,,3,,,0,,,0,,,0,,,,,,,0,,,,
941040,,,,,23,,10,,,43.5,,1,,0,,,0,,,0,,,0,,,0,,,0P-39,,,,,,,0,,,,
PRESIDENTIAL PREFERENCE - Democratic,,,,,,,,,,,,,,,,,,,,,,,,,,,,,,,,,,,,,,,,
"Cumulative Totals
Precinct",,,,,AMY KLOBUCHAR,,,,BERNIE SANDERS,,,JOE SESTAK,,,TOM STEYER,,,DEVAL PATRICK,,,MICHAEL BENNET,,,MICHAEL R. BLOOMBERG,,,MOSIE BOYD,,,CORY BOOKER,,,,,,,,,,
914130,,,,,0,,,,0,,,0,,,0,,,0,,,0,,,0,,,0,,,0,,,,,,,,,,
914150,,,,,,0,,,,,4,,0,,,0,,,0,,,0,,,1,,,0,,,0,,,,,,,,,
914170,,,,,,0,,,,,0,,0,,,1,,,0,,,0,,,3,,,0,,,0,,,,,,,,,
914180,,,,,,0,,,,,3,,0,,,0,,,0,,,0,,,2,,,0,,,0,,,,,,,,,
914190,,,,,,0,,,,,1,,0,,,1,,,0,,,0,,,2,,,0,,,0,,,,,,,,,
914200,,,,,,0,,,,,15,,0,,,2,,,0,,,0,,,3,,,0,,,0,,,,,,,,,
914220,,,,,,2,,,,,8,,0,,,1,,,0,,,0,,,2,,,0,,,0,,,,,,,,,
914230,,,,,,1,,,,,2,,0,,,0,,,0,,,0,,,2,,,0,,,0,,,,,,,,,
914240,,,,,,0,,,,,8,,0,,,2,,,0,,,0,,,5,,,0,,,0,,,,,,,,,
914250,,,,,,0,,,,,0,,0,,,0,,,0,,,0,,,0,,,0,,,0,,,,,,,,,
923010,,,,,,0,,,,,2,,0,,,0,,,0,,,0,,,0,,,0,,,0,,,,,,,,,
924010,,,,,,0,,,,,0,,0,,,0,,,0,,,0,,,0,,,0,,,0,,,,,,,,,
924020,,,,,,2,,,,,3,,0,,,0,,,0,,,0,,,1,,,0,,,0,,,,,,,,,
924080,,,,,,1,,,,,13,,1,,,0,,,0,,,0,,,7,,,0,,,0,,,,,,,,,
924250,,,,,,0,,,,,4,,0,,,0,,,0,,,0,,,3,,,0,,,0,,,,,,,,,
924270,,,,,,0,,,,,0,,0,,,0,,,0,,,0,,,0,,,0,,,0,,,,,,,,,
924280,,,,,,0,,,,,0,,0,,,0,,,0,,,0,,,0,,,0,,,0,,,,,,,,,
924290,,,,,,0,,,,,1,,0,,,0,,,0,,,0,,,0,,,0,,,0,,,,,,,,,
924310,,,,,,0,,,,,0,,0,,,0,,,0,,,0,,,0,,,0,,,0,,,,,,,,,
924330,,,,,,1,,,,,13,,0,,,1,,,0,,,0,,,2,,,0,,,0,,,,,,,,,
924370,,,,,,0,,,,,8,,0,,,0,,,0,,,0,,,4,,,0,,,0,,,,,,,,,
924380,,,,,,1,,,,,4,,0,,,1,,,0,,,0,,,2,,,0,,,0,,,,,,,,,
924390,,,,,,0,,,,,0,,0,,,0,,,0,,,0,,,0,,,0,,,0,,,,,,,,,
924400,,,,,,1,,,,,7,,0,,,0,,,0,,,0,,,2,,,0,,,0,,,,,,,,,
933010,,,,,,0,,,,,13,,0,,,2,,,0,,,0,,,0,,,0,,,0,,,,,,,,,
933020,,,,,,0,,,,,2,,0,,,0,,,0,,,0,,,7,,,0,,,0,,,,,,,,,
933030,,,,,,0,,,,,19,,0,,,1,,,0,,,0,,,0,,,0,,,0,,,,,,,,,
933040,,,,,,0,,,,,0,,0,,,0,,,0,,,0,,,0,,,0,,,0,,,,,,,,,
935070,,,,,,0,,,,,10,,0,,,0,,,0,,,0,,,5,,,0,,,0,,,,,,,,,
935080,,,,,,0,,,,,0,,0,,,1,,,0,,,0,,,2,,,0,,,0,,,,,,,,,
935090,,,,,,0,,,,,0,,0,,,0,,,0,,,0,,,1,,,0,,,0,,,,,,,,,
935100,,,,,,0,,,,,9,,0,,,0,,,0,,,2,,,6,,,0,,,0,,,,,,,,,
935110,,,,,,1,,,,,7,,0,,,1,,,0,,,0,,,3,,,0,,,0,,,,,,,,,
935130,,,,,,0,,,,,7,,0,,,0,,,0,,,0,,,1,,,0,,,0,,,,,,,,,
935140,,,,,,0,,,,,3,,0,,,0,,,0,,,0,,,0,,,0,,,0,,,,,,,,,
935150,,,,,,0,,,,,0,,0,,,0,,,0,,,0,,,2,,,0,,,0,,,,,,,,,
935160,,,,,,1,,,,,7,,0,,,3,,,0,,,0,,,7,,,0,,,0,,,,,,,,,
935170,,,,,,0,,,,,2,,0,,,0,,,0,,,0,,,0,,,0,,,0,,,,,,,,,
935180,,,,,,0,,,,,21,,0,,,0,,,2,,,0,,,2,,,0,,,0,,,,,,,,,
935190,,,,,,1,,,,,0,,0,,,0,,,0,,,0,,,0,,,0,,,0,,,,,,,,,
935200,,,,,,0,,,,,0,,0,,,0,,,0,,,0,,,0,,,0,,,0,,,,,,,,,
935250,,,,,,0,,,,,0,,0,,,0,,,0,,,0,,,0,,,0,,,0,,,,,,,,,
935260,,,,,,0,,,,,5,,0,,,1,,,0,,,0,,,0,,,0,,,0,,,,,,,,,
935270,,,,,,1,,,,,1,,0,,,0,,,0,,,0,,,0,,,0,,,0,,,,,,,,,
935280,,,,,,0,,,,,0,,0,,,0,,,0,,,0,,,0,,,0,,,0,,,,,,,,,
935290,,,,,,0,,,,,0,,0,,,0,,,0,,,0,,,1,,,0,,,0,,,,,,,,,
935300,,,,,,0,,,,,2,,0,,,2,,,0,,,0,,,0,,,0,,,0,,,,,,,,,
935370,,,,,,0,,,,,0,,0,,,0,,,0,,,0,,,0,,,0,,,0,,,,,,,,,
935380,,,,,,0,,,,,5,,0,,,0,,,0,,,0,,,0,,,0,,,0,,,,,,,,,
935390,,,,,,0,,,,,0,,0,,,0,,,0,,,0,,,0,,,0,,,0,,,,,,,,,
935400,,,,,,0,,,,,0,,0,,,0,,,0,,,0,,,0,,,0,,,0,,,,,,,,,
935410,,,,,,0,,,,,0,,0,,,0,,,0,,,0,,,0,,,0,,,0,,,,,,,,,
935420,,,,,,0,,,,,0,,0,,,0,,,0,,,0,,,0,,,0,,,0,,,,,,,,,
935430,,,,,,1,,,,,2,,0,,,0,,,0,,,0,,,2,,,0,,,0,,,,,,,,,
941020,,,,,,0,,,,,0,,0,,,0,,,0,,,0,,,0,,,0,,,0,,,,,,,,,
941030,,,,,,1,,,,,3,,0,,,0,,,0,,,0,,,2,,,0,,,0,,,,,,,,,
941040,,,,,,0,,,,,6,,0,,,0,,,0,,,0,,,3,,,0,,,P-040,,,,,,,,,
,,,,,,,,,,,,,,,,,,,,,,,,,,,,,,,,,,,,,,,,
,,,,,,,,,,,,,,,,,,,,,,,,,,,,,,,,,,,,,,,,
,,,,,,,,,,,,,,,,,,,,,,,,,,,,,,,,,,,,,,,,
,,,,,,,,,,,,,,,,,,,,,,,,,,,,,,,,,,,,,,,,
,,,,,,,,,,,,,,,,,,,,,,,,,,,,,,,,,,,,,,,,
,,,,,,,,,,,,,,,,,,,,,,,,,,,,,,,,,,,,,,,,
,,,,,,,,,,,,,,,,,,,,,,,,,,,,,,,,,,,,,,,,
,,,,,,,,,,,,,,,,,,,,,,,,,,,,,,,,,,,,,,,,
,,,,,,,,,,,,,,,,,,,,,,,,,,,,,,,,,,,,,,,,
,,,,,,,,,,,,,,,,,,,,,,,,,,,,,,,,,,,,,,,,
,,,,,,,,,,,,,,,,,,,,,,,,,,,,,,,,,,,,,,,,
,,,,,,,,,,,,,,,,,,,,,,,,,,,,,,,,,,,,,,,,
,,,,,,,,,,,,,,,,,,,,,,,,,,,,,,,,,,,,,,,,
,,,,,,,,,,,,,,,,,,,,,,,,,,,,,,,,,,,,,,,,
,,,,,,,,,,,,,,,,,,,,,,,,,,,,,,,,,,,,,,,,
,,,,,,,,,,,,,,,,,,,,,,,,,,,,,,,,,,,,,,,,
,,,,,,,,,,,,,,,,,,,,,,,,,,,,,,,,,,,,,,,,
,,,,,,,,,,,,,,,,,,,,,,,,,,,,,,,,,,,,,,,,
,,,,,,,,,,,,,,,,,,,,,,,,,,,,,,,,,,,,,,,,
,,,,,,,,,,,,,,,,,,,,,,,,,,,,,,,,,,,,,,,,
,,,,,,,,,,,,,,,,,,,,,,,,,,,,,,,,,,,,,,,,
,,,,,,,,,,,,,,,,,,,,,,,,,,,,,,,,,,,,,,,,
,,,,,,,,,,,,,,,,,,,,,,,,,,,,,,,,,,,,,,,,
,,,,,,,,,,,,,,,,,,,,,,,,,,,,,,,,,,,,,,,,
,,,,,,,,,,,,,,,,,,,,,,,,,,,,,,,,,,,,,,,,
,,,,,,,,,,,,,,,,,,,,,,,,,,,,,,,,,,,,,,,,
,,,,,,,,,,,,,,,,,,,,,,,,,,,,,,,,,,,,,,,,
,,,,,,,,,,,,,,,,,,,,,,,,,,,,,,,,,,,,,,,,
PRESIDENTIAL PREFERENCE - Democratic,,,,,,,,,,,,,,,,,,,,,,,,,,,,,,,,,,,,,,,,
"Cumulative Totals
Precinct",,,,,PETE BUTTIGIEG,,,,JOSEPH R. BIDEN,,,TULSI GABBARD,,,MARK STEWART GREENSTEIN,,,,,,,,,,,,,,,,,,,,,,,,,
914130,,,,,0,,,,0,,,0,,,0,,,,,,,,,,,,,,,,,,,,,,,,,
914150,,,,,0,   5,   0,   0,,,,,,,,,,,,,,,,,,,,,,,,,,,,,,,,,,,,,,,,
914170,,,,,0,   3,   0,   0,,,,,,,,,,,,,,,,,,,,,,,,,,,,,,,,,,,,,,,,
914180,,,,,0,   3,   0,   0,,,,,,,,,,,,,,,,,,,,,,,,,,,,,,,,,,,,,,,,
914190,,,,,0,   0,   0,   0,,,,,,,,,,,,,,,,,,,,,,,,,,,,,,,,,,,,,,,,
914200,,,,,2,   5,   1,   0,,,,,,,,,,,,,,,,,,,,,,,,,,,,,,,,,,,,,,,,
914220,,,,,0,   4,   0,   0,,,,,,,,,,,,,,,,,,,,,,,,,,,,,,,,,,,,,,,,
914230,,,,,0,   3,   0,   0,,,,,,,,,,,,,,,,,,,,,,,,,,,,,,,,,,,,,,,,
914240,,,,,0,   1,   0,   0,,,,,,,,,,,,,,,,,,,,,,,,,,,,,,,,,,,,,,,,
914250,,,,,0,   0,   0,   0,,,,,,,,,,,,,,,,,,,,,,,,,,,,,,,,,,,,,,,,
923010,,,,,0,   0,   0,   0,,,,,,,,,,,,,,,,,,,,,,,,,,,,,,,,,,,,,,,,
924010,,,,,0,   0,   0,   0,,,,,,,,,,,,,,,,,,,,,,,,,,,,,,,,,,,,,,,,
924020,,,,,2,   3,   2,   0,,,,,,,,,,,,,,,,,,,,,,,,,,,,,,,,,,,,,,,,
924080,,,,,3, 11,   0,   0,,,,,,,,,,,,,,,,,,,,,,,,,,,,,,,,,,,,,,,,
924250,,,,,1,   1,   0,   0,,,,,,,,,,,,,,,,,,,,,,,,,,,,,,,,,,,,,,,,
924270,,,,,1,   0,   0,   0,,,,,,,,,,,,,,,,,,,,,,,,,,,,,,,,,,,,,,,,
924280,,,,,0,   0,   0,   0,,,,,,,,,,,,,,,,,,,,,,,,,,,,,,,,,,,,,,,,
924290,,,,,0,   0,   0,   0,,,,,,,,,,,,,,,,,,,,,,,,,,,,,,,,,,,,,,,,
924310,,,,,0,   0,   0,   0,,,,,,,,,,,,,,,,,,,,,,,,,,,,,,,,,,,,,,,,
924330,,,,,2, 10,   0,   0,,,,,,,,,,,,,,,,,,,,,,,,,,,,,,,,,,,,,,,,
924370,,,,,1,   2,   0,   0,,,,,,,,,,,,,,,,,,,,,,,,,,,,,,,,,,,,,,,,
924380,,,,,1,   1,   0,   0,,,,,,,,,,,,,,,,,,,,,,,,,,,,,,,,,,,,,,,,
924390,,,,,0,   0,   0,   0,,,,,,,,,,,,,,,,,,,,,,,,,,,,,,,,,,,,,,,,
924400,,,,,2,   4,   0,   0,,,,,,,,,,,,,,,,,,,,,,,,,,,,,,,,,,,,,,,,
933010,,,,,2,   2,   0,   0,,,,,,,,,,,,,,,,,,,,,,,,,,,,,,,,,,,,,,,,
933020,,,,,2,   2,   0,   0,,,,,,,,,,,,,,,,,,,,,,,,,,,,,,,,,,,,,,,,
933030,,,,,3,   1,   0,   0,,,,,,,,,,,,,,,,,,,,,,,,,,,,,,,,,,,,,,,,
933040,,,,,0,   1,   0,   0,,,,,,,,,,,,,,,,,,,,,,,,,,,,,,,,,,,,,,,,
935070,,,,,1,   6,   0,   0,,,,,,,,,,,,,,,,,,,,,,,,,,,,,,,,,,,,,,,,
935080,,,,,0,   3,   0,   0,,,,,,,,,,,,,,,,,,,,,,,,,,,,,,,,,,,,,,,,
935090,,,,,1,   0,   0,   0,,,,,,,,,,,,,,,,,,,,,,,,,,,,,,,,,,,,,,,,
935100,,,,,0, 15,   1,   0,,,,,,,,,,,,,,,,,,,,,,,,,,,,,,,,,,,,,,,,
935110,,,,,1,   2,   0,   0,,,,,,,,,,,,,,,,,,,,,,,,,,,,,,,,,,,,,,,,
935130,,,,,0,   1,   0,   0,,,,,,,,,,,,,,,,,,,,,,,,,,,,,,,,,,,,,,,,
935140,,,,,0,   6,   0,   0,,,,,,,,,,,,,,,,,,,,,,,,,,,,,,,,,,,,,,,,
935150,,,,,1,   0,   0,   0,,,,,,,,,,,,,,,,,,,,,,,,,,,,,,,,,,,,,,,,
935160,,,,,0, 11,   1,   0,,,,,,,,,,,,,,,,,,,,,,,,,,,,,,,,,,,,,,,,
935170,,,,,0,   0,   0,   0,,,,,,,,,,,,,,,,,,,,,,,,,,,,,,,,,,,,,,,,
935180,,,,,6, 12,   1,   0,,,,,,,,,,,,,,,,,,,,,,,,,,,,,,,,,,,,,,,,
935190,,,,,0,   0,   0,   0,,,,,,,,,,,,,,,,,,,,,,,,,,,,,,,,,,,,,,,,
935200,,,,,0,   0,   0,   0,,,,,,,,,,,,,,,,,,,,,,,,,,,,,,,,,,,,,,,,
935250,,,,,0,   0,   0,   0,,,,,,,,,,,,,,,,,,,,,,,,,,,,,,,,,,,,,,,,
935260,,,,,0,   4,   0,   0,,,,,,,,,,,,,,,,,,,,,,,,,,,,,,,,,,,,,,,,
935270,,,,,0,   2,   0,   0,,,,,,,,,,,,,,,,,,,,,,,,,,,,,,,,,,,,,,,,
935280,,,,,0,   0,   0,   0,,,,,,,,,,,,,,,,,,,,,,,,,,,,,,,,,,,,,,,,
935290,,,,,0,   0,   0,   0,,,,,,,,,,,,,,,,,,,,,,,,,,,,,,,,,,,,,,,,
935300,,,,,0,   0,   0,   0,,,,,,,,,,,,,,,,,,,,,,,,,,,,,,,,,,,,,,,,
935370,,,,,0,   2,   0,   0,,,,,,,,,,,,,,,,,,,,,,,,,,,,,,,,,,,,,,,,
935380,,,,,0,   0,   0,   0,,,,,,,,,,,,,,,,,,,,,,,,,,,,,,,,,,,,,,,,
935390,,,,,0,   0,   0,   0,,,,,,,,,,,,,,,,,,,,,,,,,,,,,,,,,,,,,,,,
935400,,,,,0,   0,   0,   0,,,,,,,,,,,,,,,,,,,,,,,,,,,,,,,,,,,,,,,,
935410,,,,,0,   0,   0,   0,,,,,,,,,,,,,,,,,,,,,,,,,,,,,,,,,,,,,,,,
935420,,,,,0,   0,   0,   0,,,,,,,,,,,,,,,,,,,,,,,,,,,,,,,,,,,,,,,,
935430,,,,,0,   2,   0,   0,,,,,,,,,,,,,,,,,,,,,,,,,,,,,,,,,,,,,,,,
941020,,,,,0,   0,   0,   0,,,,,,,,,,,,,,,,,,,,,,,,,,,,,,,,,,,,,,,,
941030,,,,,0,   3,   0,   0,,,,,,,,,,,,,,,,,,,,,,,,,,,,,,,,,,,,,,,,
941040,,,,,0,   2,   0,   0,,,,,,,,,,,,,,,,,,,,,,,,,,,,,,,,,,,,,,,,
,,,,,,,,,,,,,,,,,,,,,,,,,,,,,,,,,,P-41,,,,,,
,,,,,,,,,,,,,,,,,,,,,,,,,,,,,,,,,,,,,,,,
PRESIDENTIAL PREFERENCE - Democratic,,,,,,,,,,,,,,,,,,,,,,,,,,,,,,,,,,,,,,,,
"Cumulative Totals
Precinct",,,,,Party Member Registration,,Party Member Ballots Cast,,,Turnout (%),,Declined to State Voter Ballots Cast,,JULIÁN CASTRO,,,MICHAEL A. ELLINGER,,,ELIZABETH WARREN,,,MARIANNE WILLIAMSON,,,ANDREW YANG,,,"ROQUE ""ROCKY"" DE LA FUENTE III",,,,,JOHN K. DELANEY,,,,,,
941050,,,,,35,,17,,,48.6,,0,,0,,,0,,,1,,,0,,,0,,,0,,,,,0,,,,,,
941060,,,,,11,,4,,,36.4,,0,,0,,,0,,,0,,,0,,,0,,,0,,,,,0,,,,,,
941070,,,,,101,,39,,,38.6,,0,,0,,,0,,,3,,,0,,,1,,,0,,,,,0,,,,,,
941080,,,,,0,,0,,,0.0,,0,,0,,,0,,,0,,,0,,,0,,,0,,,,,0,,,,,,
941090,,,,,2,,0,,,0.0,,0,,0,,,0,,,0,,,0,,,0,,,0,,,,,0,,,,,,
941100,,,,,8,,4,,,50.0,,0,,0,,,0,,,0,,,0,,,0,,,0,,,,,0,,,,,,
941110,,,,,7,,4,,,57.1,,0,,0,,,0,,,0,,,0,,,0,,,0,,,,,0,,,,,,
941120,,,,,46,,28,,,60.9,,0,,0,,,0,,,5,,,0,,,0,,,0,,,,,0,,,,,,
941130,,,,,0,,0,,,0.0,,0,,0,,,0,,,0,,,0,,,0,,,0,,,,,0,,,,,,
943010,,,,,31,,15,,,48.4,,0,,0,,,0,,,0,,,0,,,0,,,0,,,,,0,,,,,,
943020,,,,,93,,60,,,64.5,,1,,0,,,0,,,6,,,0,,,1,,,0,,,,,0,,,,,,
943030,,,,,54,,26,,,48.1,,0,,0,,,0,,,3,,,0,,,0,,,0,,,,,0,,,,,,
943040,,,,,26,,15,,,57.7,,0,,0,,,0,,,0,,,0,,,0,,,0,,,,,0,,,,,,
943060,,,,,2,,1,,,50.0,,0,,0,,,0,,,0,,,0,,,0,,,0,,,,,0,,,,,,
943070,,,,,21,,15,,,71.4,,0,,0,,,0,,,2,,,0,,,0,,,0,,,,,0,,,,,,
943080,,,,,27,,17,,,63.0,,0,,0,,,0,,,0,,,0,,,0,,,0,,,,,0,,,,,,
943110,,,,,1,,0,,,0.0,,0,,0,,,0,,,0,,,0,,,0,,,0,,,,,0,,,,,,
943120,,,,,2,,2,,,100.0,,0,,0,,,0,,,0,,,0,,,0,,,0,,,,,0,,,,,,
943130,,,,,18,,8,,,44.4,,0,,0,,,0,,,0,,,0,,,0,,,0,,,,,0,,,,,,
943140,,,,,0,,0,,,0.0,,0,,0,,,0,,,0,,,0,,,0,,,0,,,,,0,,,,,,
944010,,,,,8,,2,,,25.0,,0,,0,,,0,,,0,,,0,,,0,,,0,,,,,0,,,,,,
944040,,,,,7,,6,,,85.7,,0,,0,,,0,,,0,,,0,,,0,,,0,,,,,0,,,,,,
944110,,,,,14,,10,,,71.4,,0,,0,,,0,,,0,,,0,,,0,,,0,,,,,0,,,,,,
944120,,,,,0,,0,,,0.0,,0,,0,,,0,,,0,,,0,,,0,,,0,,,,,0,,,,,,
944130,,,,,28,,17,,,60.7,,0,,0,,,0,,,0,,,0,,,1,,,0,,,,,0,,,,,,
944140,,,,,35,,29,,,82.9,,0,,0,,,0,,,1,,,0,,,0,,,0,,,,,0,,,,,,
944150,,,,,0,,0,,,0.0,,0,,0,,,0,,,0,,,0,,,0,,,0,,,,,0,,,,,,
945020,,,,,13,,8,,,61.5,,2,,0,,,0,,,0,,,0,,,0,,,0,,,,,0,,,,,,
945040,,,,,6,,4,,,66.7,,1,,0,,,0,,,0,,,0,,,0,,,0,,,,,0,,,,,,
945041,,,,,13,,8,,,61.5,,0,,0,,,0,,,1,,,0,,,0,,,0,,,,,0,,,,,,
945050,,,,,31,,15,,,48.4,,0,,0,,,0,,,1,,,0,,,1,,,0,,,,,0,,,,,,
945051,,,,,9,,3,,,33.3,,0,,0,,,0,,,0,,,0,,,0,,,0,,,,,0,,,,,,
945070,,,,,0,,0,,,0.0,,0,,0,,,0,,,0,,,0,,,0,,,0,,,,,0,,,,,,
945080,,,,,0,,0,,,0.0,,0,,0,,,0,,,0,,,0,,,0,,,0,,,,,0,,,,,,
945090,,,,,1,,0,,,0.0,,2,,0,,,0,,,0,,,0,,,0,,,0,,,,,0,,,,,,
"Vote-by-Mail Totals Election Day Totals Provisional Totals
Grand Totals",,,,,"140,884
140,884
140,884
140,884",,"54,864
11,069
7,992
73,925",,,"38.9
7.9
5.7
52.5",,"983
1,540
1,255
3,778",,"212
31
48
291",,,"40
7
6
53",,,"3,805
854
493
5,152",,,"65
14
4
83",,,"475
48
43
566",,,"65
18
13
96",,,,,"42
7
5
54",,,,,,
PRESIDENTIAL PREFERENCE - Democratic,,,,,,,,,,,,,,,,,,,,,,,,,,,,,,,,,,,,,,,,
"Cumulative Totals
Precinct",,,,,AMY KLOBUCHAR,,,,BERNIE SANDERS,,,JOE SESTAK,,,TOM STEYER,,,DEVAL PATRICK,,,MICHAEL BENNET,,,MICHAEL R. BLOOMBERG,,,MOSIE BOYD,,,CORY BOOKER,,,,,,,,,,
941050,,,,,,1,,,,,4,,0,,,0,,,0,,,1,,,4,,,0,,,2,,,,,,,,,
941060,,,,,,0,,,,,3,,0,,,0,,,0,,,0,,,0,,,0,,,0,,,,,,,,,
941070,,,,,,0,,,,,16,,0,,,1,,,0,,,0,,,5,,,0,,,0,,,,,,,,,
941080,,,,,,0,,,,,0,,0,,,0,,,0,,,0,,,0,,,0,,,0,,,,,,,,,
941090,,,,,,0,,,,,0,,0,,,0,,,0,,,0,,,0,,,0,,,0,,,,,,,,,
941100,,,,,,0,,,,,0,,0,,,0,,,1,,,0,,,0,,,0,,,0,,,,,,,,,
941110,,,,,,0,,,,,1,,0,,,0,,,0,,,0,,,0,,,0,,,0,,,,,,,,,
941120,,,,,,3,,,,,8,,0,,,0,,,0,,,0,,,8,,,0,,,0,,,,,,,,,
941130,,,,,,0,,,,,0,,0,,,0,,,0,,,0,,,0,,,0,,,0,,,,,,,,,
943010,,,,,,0,,,,,5,,0,,,1,,,0,,,0,,,1,,,0,,,0,,,,,,,,,
943020,,,,,,2,,,,,21,,0,,,1,,,1,,,0,,,7,,,0,,,0,,,,,,,,,
943030,,,,,,0,,,,,5,,0,,,1,,,0,,,0,,,5,,,0,,,0,,,,,,,,,
943040,,,,,,0,,,,,1,,0,,,0,,,0,,,0,,,9,,,0,,,0,,,,,,,,,
943060,,,,,,0,,,,,0,,0,,,0,,,0,,,0,,,0,,,0,,,0,,,,,,,,,
943070,,,,,,2,,,,,8,,0,,,0,,,0,,,0,,,3,,,0,,,0,,,,,,,,,
943080,,,,,,3,,,,,1,,0,,,0,,,0,,,0,,,2,,,0,,,0,,,,,,,,,
943110,,,,,,0,,,,,0,,0,,,0,,,0,,,0,,,0,,,0,,,0,,,,,,,,,
943120,,,,,,0,,,,,0,,0,,,1,,,0,,,0,,,0,,,0,,,0,,,,,,,,,
943130,,,,,,0,,,,,2,,0,,,1,,,0,,,0,,,2,,,0,,,0,,,,,,,,,
943140,,,,,,0,,,,,0,,0,,,0,,,0,,,0,,,0,,,0,,,0,,,,,,,,,
944010,,,,,,0,,,,,1,,0,,,0,,,0,,,0,,,0,,,0,,,0,,,,,,,,,
944040,,,,,,1,,,,,2,,0,,,0,,,0,,,0,,,0,,,0,,,0,,,,,,,,,
944110,,,,,,3,,,,,1,,0,,,0,,,0,,,0,,,1,,,0,,,0,,,,,,,,,
944120,,,,,,0,,,,,0,,0,,,0,,,0,,,0,,,0,,,0,,,0,,,,,,,,,
944130,,,,,,0,,,,,3,,0,,,0,,,0,,,0,,,4,,,0,,,0,,,,,,,,,
944140,,,,,,2,,,,,5,,0,,,2,,,0,,,0,,,9,,,0,,,0,,,,,,,,,
944150,,,,,,0,,,,,0,,0,,,0,,,0,,,0,,,0,,,0,,,0,,,,,,,,,
945020,,,,,,0,,,,,6,,0,,,1,,,0,,,0,,,1,,,0,,,0,,,,,,,,,
945040,,,,,,0,,,,,1,,0,,,0,,,0,,,0,,,0,,,0,,,0,,,,,,,,,
945041,,,,,,0,,,,,3,,0,,,1,,,0,,,0,,,1,,,0,,,0,,,,,,,,,
945050,,,,,,0,,,,,3,,0,,,0,,,0,,,0,,,4,,,0,,,0,,,,,,,,,
945051,,,,,,0,,,,,1,,0,,,0,,,0,,,0,,,1,,,0,,,0,,,,,,,,,
945070,,,,,,0,,,,,0,,0,,,0,,,0,,,0,,,0,,,0,,,0,,,,,,,,,
945080,,,,,,0,,,,,0,,0,,,0,,,0,,,0,,,0,,,0,,,0,,,,,,,,,
945090,,,,,,2,,,,,0,,0,,,0,,,0,,,0,,,0,,,0,,,0,,,,,,,,,
Vote-by-Mail Totals,,,,,,"1,281",,,,,"17,200",,54,,,"2,021",,,54,,,232,,,"9,632",,,32,,,92,,,,,,,,,
Election Day Totals,,,,,,38,,,,,"4,136",,13,,,102,,,7,,,44,,,"1,428",,,3,,,11,,,,,,,,,
Provisional Totals,,,,,,23,,,,,"4,123",,4,,,87,,,4,,,54,,,988,,,4,,,12,,,,,,,,,
Grand Totals,,,,,,"1,342",,,,,"25,459",,71,,,"2,210",,,65,,,330,,,"12,048",,,39,,,115,,,,,,,,,
PRESIDENTIAL PREFERENCE - Democratic,,,,,,,,,,,,,,,,,,,,,,,,,,,,,,,,,,,,,,,,
"Cumulative Totals
Precinct",,,,,PETE BUTTIGIEG,,,,JOSEPH R. BIDEN,,,TULSI GABBARD,,,MARK STEWART GREENSTEIN,,,,,,,,,,,,,,,,,,,,,,,,,
941050,,,,,,0,,,,,4,,0,,,0,,,,,,,,,,,,,,,,,,,,,,,,
941060,,,,,,0,,,,,1,,0,,,0,,,,,,,,,,,,,,,,,,,,,,,,
941070,,,,,,2,,,,,9,,0,,,0,,,,,,,,,,,,,,,,,,,,,,,,
941080,,,,,,0,,,,,0,,0,,,0,,,,,,,,,,,,,,,,,,,,,,,,
941090,,,,,,0,,,,,0,,0,,,0,,,,,,,,,,,,,,,,,,,,,,,,
941100,,,,,,0,,,,,2,,1,,,0,,,,,,,,,,,,,,,,,,,,,,,,
941110,,,,,,0,,,,,3,,0,,,0,,,,,,,,,,,,,,,,,,,,,,,,
941120,,,,,,1,,,,,2,,0,,,0,,,,,,,,,,,,,,,,,,,,,,,,
941130,,,,,,0,,,,,0,,0,,,0,,,,,,,,,,,,,,,,,,,,,,,,
943010,,,,,,2,,,,,4,,0,,,0,,,,,,,,,,,,,,,,,,,,,,,,
943020,,,,,,1,,,,,18,,0,,,0,,,,,,,,,,,,,,,,,,,,,,,,
943030,,,,,,0,,,,,6,,3,,,0,,,,,,,,,,,,,,,,,,,,,,,,
943040,,,,,,0,,,,,3,,0,,,0,,,,,,,,,,,,,,,,,,,,,,,,
943060,,,,,,0,,,,,1,,0,,,0,,,,,,,,,,,,,,,,,,,,,,,,
943070,,,,,,0,,,,,0,,0,,,0,,,,,,,,,,,,,,,,,,,,,,,,
943080,,,,,,1,,,,,7,,0,,,0,,,,,,,,,,,,,,,,,,,,,,,,
943110,,,,,,0,,,,,0,,0,,,0,,,,,,,,,,,,,,,,,,,,,,,,
943120,,,,,,0,,,,,0,,1,,,0,,,,,,,,,,,,,,,,,,,,,,,,
943130,,,,,,0,,,,,2,,0,,,0,,,,,,,,,,,,,,,,,,,,,,,,
943140,,,,,,0,,,,,0,,0,,,0,,,,,,,,,,,,,,,,,,,,,,,,
944010,,,,,,0,,,,,1,,0,,,0,,,,,,,,,,,,,,,,,,,,,,,,
944040,,,,,,0,,,,,1,,1,,,0,,,,,,,,,,,,,,,,,,,,,,,,
944110,,,,,,0,,,,,2,,0,,,0,,,,,,,,,,,,,,,,,,,,,,,,
944120,,,,,,0,,,,,0,,0,,,0,,,,,,,,,,,,,,,,,,,,,,,,
944130,,,,,,4,,,,,3,,0,,,0,,,,,,,,,,,,,,,,,,,,,,,,
944140,,,,,,5,,,,,2,,1,,,0,,,,,,,,,,,,,,,,,,,,,,,,
944150,,,,,,0,,,,,0,,0,,,0,,,,,,,,,,,,,,,,,,,,,,,,
945020,,,,,,0,,,,,1,,1,,,0,,,,,,,,,,,,,,,,,,,,,,,,
945040,,,,,,2,,,,,2,,0,,,0,,,,,,,,,,,,,,,,,,,,,,,,
945041,,,,,,0,,,,,2,,0,,,0,,,,,,,,,,,,,,,,,,,,,,,,
945050,,,,,,0,,,,,5,,1,,,0,,,,,,,,,,,,,,,,,,,,,,,,
945051,,,,,,0,,,,,1,,0,,,0,,,,,,,,,,,,,,,,,,,,,,,,
945070,,,,,,0,,,,,0,,0,,,0,,,,,,,,,,,,,,,,,,,,,,,,
945080,,,,,,0,,,,,0,,0,,,0,,,,,,,,,,,,,,,,,,,,,,,,
945090,,,,,,0,,,,,0,,0,,,0,,,,,,,,,,,,,,,,,,,,,,,,
Vote-by-Mail Totals,,,,,,"2,946",,,,,"15,557",,438,,,34,,,,,,,,,,,,,,,,,,,,,,,,
Election Day Totals,,,,,,67,,,,,"5,376",,91,,,7,,,,,,,,,,,,,,,,,,,,,,,,
Provisional Totals,,,,,,63,,,,,"3,020",,55,,,6,,,,,,,,,,,,,,,,,,,,,,,,
Grand Totals,,,,,,"3,076",,,,,"23,953",,584,,,47,,,,,,,,,,,,,,,,,,,,,,,,
