COUNTY OF LOS ANGELES,PRESIDENTIAL PRIMARY ELECTION,03/05/2024,,,,,,,,,,
L A UNIFIED SCH-BOE 5,Non Partisan,N,cc9361,1,,,,,,,,
LOCATION,PRECINCT,SERIAL,BALLOT GROUP,VOTE BY MAIL ONLY,REGISTRATION,TYPE,BALLOTS CAST,FIDENCIO GALLARDO,V R GUTIERREZ,KARLA GRIEGO,GRACIELA ORTIZ,
BELL,0700001A,71,270,N, ,POLLING PLACE,174,35,15,30,58, 
BELL,0700001A,71,270,N, ,VBM PORTION,275,71,20,69,92, 
BELL,0700001A,71,270,N,2298,TOTAL,449,106,35,99,150, 
BELL,0700007B,72,270,N, ,POLLING PLACE,204,48,27,37,60, 
BELL,0700007B,72,270,N, ,VBM PORTION,403,89,55,75,148, 
BELL,0700007B,72,270,N,3293,TOTAL,607,137,82,112,208, 
BELL,0700010A,73,270,N, ,POLLING PLACE,273,103,21,15,57, 
BELL,0700010A,73,270,N, ,VBM PORTION,364,112,32,88,111, 
BELL,0700010A,73,270,N,2620,TOTAL,637,215,53,103,168, 
BELL,0700011B,74,270,N, ,POLLING PLACE,130,25,22,25,34, 
BELL,0700011B,74,270,N, ,VBM PORTION,284,96,22,63,90, 
BELL,0700011B,74,270,N,2132,TOTAL,414,121,44,88,124, 
BELL,0700012A,75,270,N, ,POLLING PLACE,288,100,24,23,71, 
BELL,0700012A,75,270,N, ,VBM PORTION,352,101,16,79,134, 
BELL,0700012A,75,270,N,2521,TOTAL,640,201,40,102,205, 
BELL,0700018A,76,270,N, ,POLLING PLACE,107,26,13,30,34, 
BELL,0700018A,76,270,N, ,VBM PORTION,232,56,21,51,93, 
BELL,0700018A,76,270,N,1876,TOTAL,339,82,34,81,127, 
BELL GARDENS,0800017B,6058,272,Y, ,POLLING PLACE,8,0,0,1,5, 
BELL GARDENS,0800017B,6058,272,Y, ,VBM PORTION,20,1,5,3,8, 
BELL GARDENS,0800017B,6058,272,Y,157,TOTAL,28,1,5,4,13, 
CUDAHY,1550001A,216,272,N, ,POLLING PLACE,110,15,22,29,36, 
CUDAHY,1550001A,216,272,N, ,VBM PORTION,316,61,37,63,140, 
CUDAHY,1550001A,216,272,N,3029,TOTAL,426,76,59,92,176, 
CUDAHY,1550005A,217,272,N, ,POLLING PLACE,130,17,23,27,52, 
CUDAHY,1550005A,217,272,N, ,VBM PORTION,321,55,28,101,126, 
CUDAHY,1550005A,217,272,N,3376,TOTAL,451,72,51,128,178, 
CUDAHY,1550006A,218,272,N, ,POLLING PLACE,86,16,6,27,32, 
CUDAHY,1550006A,218,272,N, ,VBM PORTION,235,42,19,52,110, 
CUDAHY,1550006A,218,272,N,2674,TOTAL,321,58,25,79,142, 
FLORENCE,2300007A,6175,224,Y, ,POLLING PLACE,20,2,1,5,10, 
FLORENCE,2300007A,6175,224,Y, ,VBM PORTION,30,3,6,8,13, 
FLORENCE,2300007A,6175,224,Y,636,TOTAL,50,5,7,13,23, 
FLORENCE,2300046A,315,224,N, ,POLLING PLACE,57,5,10,11,26, 
FLORENCE,2300046A,315,224,N, ,VBM PORTION,188,27,23,37,87, 
FLORENCE,2300046A,315,224,N,2312,TOTAL,245,32,33,48,113, 
FLORENCE,2300202A,6178,224,Y, ,POLLING PLACE,1,0,1,0,0, 
FLORENCE,2300202A,6178,224,Y, ,VBM PORTION,3,1,0,1,1, 
FLORENCE,2300202A,6178,224,Y,32,TOTAL,4,1,1,1,1, 
HUNTINGTON PARK,2850006A,399,256,N, ,POLLING PLACE,115,8,5,30,65, 
HUNTINGTON PARK,2850006A,399,256,N, ,VBM PORTION,286,36,24,54,152, 
HUNTINGTON PARK,2850006A,399,256,N,2175,TOTAL,401,44,29,84,217, 
HUNTINGTON PARK,2850008A,400,256,N, ,POLLING PLACE,120,11,14,39,47, 
HUNTINGTON PARK,2850008A,400,256,N, ,VBM PORTION,388,38,32,92,194, 
HUNTINGTON PARK,2850008A,400,256,N,3400,TOTAL,508,49,46,131,241, 
HUNTINGTON PARK,2850011A,401,256,N, ,POLLING PLACE,119,16,12,26,49, 
HUNTINGTON PARK,2850011A,401,256,N, ,VBM PORTION,355,46,35,49,200, 
HUNTINGTON PARK,2850011A,401,256,N,2569,TOTAL,474,62,47,75,249, 
HUNTINGTON PARK,2850014A,402,256,N, ,POLLING PLACE,187,23,39,37,78, 
HUNTINGTON PARK,2850014A,402,256,N, ,VBM PORTION,443,71,45,82,213, 
HUNTINGTON PARK,2850014A,402,256,N,3098,TOTAL,630,94,84,119,291, 
HUNTINGTON PARK,2850015B,403,256,N, ,POLLING PLACE,84,12,17,14,31, 
HUNTINGTON PARK,2850015B,403,256,N, ,VBM PORTION,324,35,21,75,175, 
HUNTINGTON PARK,2850015B,403,256,N,2247,TOTAL,408,47,38,89,206, 
HUNTINGTON PARK,2850017A,404,256,N, ,POLLING PLACE,125,22,24,24,50, 
HUNTINGTON PARK,2850017A,404,256,N, ,VBM PORTION,397,46,46,76,205, 
HUNTINGTON PARK,2850017A,404,256,N,3350,TOTAL,522,68,70,100,255, 
HUNTINGTON PARK,2850022A,405,256,N, ,POLLING PLACE,138,21,12,31,59, 
HUNTINGTON PARK,2850022A,405,256,N, ,VBM PORTION,369,57,32,106,148, 
HUNTINGTON PARK,2850022A,405,256,N,2450,TOTAL,507,78,44,137,207, 
HUNTINGTON PARK,2850029A,406,256,N, ,POLLING PLACE,86,9,10,21,39, 
HUNTINGTON PARK,2850029A,406,256,N, ,VBM PORTION,350,48,43,90,154, 
HUNTINGTON PARK,2850029A,406,256,N,2776,TOTAL,436,57,53,111,193, 
MAYWOOD,4200001A,631,260,N, ,POLLING PLACE,66,6,10,18,26, 
MAYWOOD,4200001A,631,260,N, ,VBM PORTION,233,28,27,74,94, 
MAYWOOD,4200001A,631,260,N,2144,TOTAL,299,34,37,92,120, 
MAYWOOD,4200008A,632,260,N, ,POLLING PLACE,110,22,14,30,36, 
MAYWOOD,4200008A,632,260,N, ,VBM PORTION,352,70,26,76,165, 
MAYWOOD,4200008A,632,260,N,2969,TOTAL,462,92,40,106,201, 
MAYWOOD,4200011A,633,260,N, ,POLLING PLACE,87,13,15,22,30, 
MAYWOOD,4200011A,633,260,N, ,VBM PORTION,282,68,19,58,123, 
MAYWOOD,4200011A,633,260,N,2490,TOTAL,369,81,34,80,153, 
MAYWOOD,4200012A,634,260,N, ,POLLING PLACE,101,24,17,22,33, 
MAYWOOD,4200012A,634,260,N, ,VBM PORTION,319,53,22,81,146, 
MAYWOOD,4200012A,634,260,N,3042,TOTAL,420,77,39,103,179, 
SOUTH GATE,6550003A,890,264,N, ,POLLING PLACE,74,11,14,11,31, 
SOUTH GATE,6550003A,890,264,N, ,VBM PORTION,223,20,42,48,102, 
SOUTH GATE,6550003A,890,264,N,2625,TOTAL,297,31,56,59,133, 
SOUTH GATE,6550010A,891,264,N, ,POLLING PLACE,88,5,21,20,35, 
SOUTH GATE,6550010A,891,264,N, ,VBM PORTION,252,48,23,44,124, 
SOUTH GATE,6550010A,891,264,N,2148,TOTAL,340,53,44,64,159, 
SOUTH GATE,6550011B,892,264,N, ,POLLING PLACE,58,8,9,15,17, 
SOUTH GATE,6550011B,892,264,N, ,VBM PORTION,185,33,31,31,79, 
SOUTH GATE,6550011B,892,264,N,1866,TOTAL,243,41,40,46,96, 
SOUTH GATE,6550012C,893,264,N, ,POLLING PLACE,96,25,20,15,27, 
SOUTH GATE,6550012C,893,264,N, ,VBM PORTION,253,30,30,75,102, 
SOUTH GATE,6550012C,893,264,N,1879,TOTAL,349,55,50,90,129, 
SOUTH GATE,6550016A,894,264,N, ,POLLING PLACE,124,27,16,24,38, 
SOUTH GATE,6550016A,894,264,N, ,VBM PORTION,381,65,55,102,128, 
SOUTH GATE,6550016A,894,264,N,3190,TOTAL,505,92,71,126,166, 
SOUTH GATE,6550018E,895,264,N, ,POLLING PLACE,102,18,16,24,29, 
SOUTH GATE,6550018E,895,264,N, ,VBM PORTION,358,72,29,84,149, 
SOUTH GATE,6550018E,895,264,N,3005,TOTAL,460,90,45,108,178, 
SOUTH GATE,6550019B,896,264,N, ,POLLING PLACE,90,14,18,18,26, 
SOUTH GATE,6550019B,896,264,N, ,VBM PORTION,249,47,25,45,100, 
SOUTH GATE,6550019B,896,264,N,2209,TOTAL,339,61,43,63,126, 
SOUTH GATE,6550021B,897,264,N, ,POLLING PLACE,98,10,19,25,38, 
SOUTH GATE,6550021B,897,264,N, ,VBM PORTION,206,34,35,29,99, 
SOUTH GATE,6550021B,897,264,N,2304,TOTAL,304,44,54,54,137, 
SOUTH GATE,6550026A,898,264,N, ,POLLING PLACE,83,15,13,14,32, 
SOUTH GATE,6550026A,898,264,N, ,VBM PORTION,330,60,49,82,121, 
SOUTH GATE,6550026A,898,264,N,3141,TOTAL,413,75,62,96,153, 
SOUTH GATE,6550028A,899,264,N, ,POLLING PLACE,107,15,23,20,33, 
SOUTH GATE,6550028A,899,264,N, ,VBM PORTION,301,59,45,68,110, 
SOUTH GATE,6550028A,899,264,N,2408,TOTAL,408,74,68,88,143, 
SOUTH GATE,6550029A,900,264,N, ,POLLING PLACE,59,11,14,5,23, 
SOUTH GATE,6550029A,900,264,N, ,VBM PORTION,174,35,21,31,72, 
SOUTH GATE,6550029A,900,264,N,1790,TOTAL,233,46,35,36,95, 
SOUTH GATE,6550032A,901,264,N, ,POLLING PLACE,96,25,19,14,25, 
SOUTH GATE,6550032A,901,264,N, ,VBM PORTION,341,49,48,87,116, 
SOUTH GATE,6550032A,901,264,N,2356,TOTAL,437,74,67,101,141, 
SOUTH GATE,6550033A,902,264,N, ,POLLING PLACE,69,8,11,16,21, 
SOUTH GATE,6550033A,902,264,N, ,VBM PORTION,320,48,39,70,135, 
SOUTH GATE,6550033A,902,264,N,2617,TOTAL,389,56,50,86,156, 
SOUTH GATE,6550035A,903,264,N, ,POLLING PLACE,89,23,11,23,29, 
SOUTH GATE,6550035A,903,264,N, ,VBM PORTION,302,64,30,63,131, 
SOUTH GATE,6550035A,903,264,N,3213,TOTAL,391,87,41,86,160, 
SOUTH GATE,6550050A,904,264,N, ,POLLING PLACE,86,18,12,18,26, 
SOUTH GATE,6550050A,904,264,N, ,VBM PORTION,393,89,48,79,140, 
SOUTH GATE,6550050A,904,264,N,2751,TOTAL,479,107,60,97,166, 
SOUTH GATE,6550052B,905,264,N, ,POLLING PLACE,85,13,20,15,22, 
SOUTH GATE,6550052B,905,264,N, ,VBM PORTION,336,63,45,88,114, 
SOUTH GATE,6550052B,905,264,N,2209,TOTAL,421,76,65,103,136, 
VERNON,7450005A,6468,199,Y, ,POLLING PLACE,6,1,0,3,2, 
VERNON,7450005A,6468,199,Y, ,VBM PORTION,27,1,5,5,14, 
VERNON,7450005A,6468,199,Y,110,TOTAL,33,2,5,8,16, 
WALNUT PARK,7650001A,974,260,N, ,POLLING PLACE,133,24,11,29,57, 
WALNUT PARK,7650001A,974,260,N, ,VBM PORTION,275,36,36,42,133, 
WALNUT PARK,7650001A,974,260,N,2409,TOTAL,408,60,47,71,190, 
WALNUT PARK,7650002A,6474,224,Y, ,POLLING PLACE,18,1,3,6,7, 
WALNUT PARK,7650002A,6474,224,Y, ,VBM PORTION,37,6,3,9,18, 
WALNUT PARK,7650002A,6474,224,Y,403,TOTAL,55,7,6,15,25, 
WALNUT PARK,7650004B,975,260,N, ,POLLING PLACE,116,11,22,28,46, 
WALNUT PARK,7650004B,975,260,N, ,VBM PORTION,285,39,20,54,146, 
WALNUT PARK,7650004B,975,260,N,2660,TOTAL,401,50,42,82,192, 
WALNUT PARK,7650009A,976,260,N, ,POLLING PLACE,87,6,12,18,43, 
WALNUT PARK,7650009A,976,260,N, ,VBM PORTION,341,53,31,71,166, 
WALNUT PARK,7650009A,976,260,N,2515,TOTAL,428,59,43,89,209, 
LOS ANGELES,9000001A,6494,171,Y, ,POLLING PLACE,152,57,7,40,18, 
LOS ANGELES,9000001A,6494,171,Y, ,VBM PORTION,1098,489,52,266,153, 
LOS ANGELES,9000001A,6494,171,Y,2054,TOTAL,1250,546,59,306,171, 
LOS ANGELES,9000048A,1054,149,N, ,POLLING PLACE,100,16,20,32,19, 
LOS ANGELES,9000048A,1054,149,N, ,VBM PORTION,319,62,22,134,76, 
LOS ANGELES,9000048A,1054,149,N,1967,TOTAL,419,78,42,166,95, 
LOS ANGELES,9000263A,1095,145,N, ,POLLING PLACE,214,56,22,45,34, 
LOS ANGELES,9000263A,1095,145,N, ,VBM PORTION,1277,405,88,326,203, 
LOS ANGELES,9000263A,1095,145,N,3212,TOTAL,1491,461,110,371,237, 
LOS ANGELES,9000317A,1109,145,N, ,POLLING PLACE,237,59,25,75,37, 
LOS ANGELES,9000317A,1109,145,N, ,VBM PORTION,1032,270,33,382,173, 
LOS ANGELES,9000317A,1109,145,N,3409,TOTAL,1269,329,58,457,210, 
LOS ANGELES,9000357A,1120,174,N, ,POLLING PLACE,254,44,39,86,44, 
LOS ANGELES,9000357A,1120,174,N, ,VBM PORTION,1112,246,59,446,195, 
LOS ANGELES,9000357A,1120,174,N,3173,TOTAL,1366,290,98,532,239, 
LOS ANGELES,9000369A,1122,171,N, ,POLLING PLACE,219,52,29,71,34, 
LOS ANGELES,9000369A,1122,171,N, ,VBM PORTION,1108,304,60,423,181, 
LOS ANGELES,9000369A,1122,171,N,3728,TOTAL,1327,356,89,494,215, 
LOS ANGELES,9000426A,1136,149,N, ,POLLING PLACE,187,29,15,61,41, 
LOS ANGELES,9000426A,1136,149,N, ,VBM PORTION,781,155,53,277,166, 
LOS ANGELES,9000426A,1136,149,N,4590,TOTAL,968,184,68,338,207, 
LOS ANGELES,9000454A,1142,235,N, ,POLLING PLACE,105,15,7,32,34, 
LOS ANGELES,9000454A,1142,235,N, ,VBM PORTION,250,47,14,84,70, 
LOS ANGELES,9000454A,1142,235,N,2132,TOTAL,355,62,21,116,104, 
LOS ANGELES,9000495A,6522,149,Y, ,POLLING PLACE,70,4,10,40,11, 
LOS ANGELES,9000495A,6522,149,Y, ,VBM PORTION,237,27,19,89,56, 
LOS ANGELES,9000495A,6522,149,Y,1313,TOTAL,307,31,29,129,67, 
LOS ANGELES,9000530A,1156,149,N, ,POLLING PLACE,187,30,13,74,30, 
LOS ANGELES,9000530A,1156,149,N, ,VBM PORTION,862,140,55,343,166, 
LOS ANGELES,9000530A,1156,149,N,4098,TOTAL,1049,170,68,417,196, 
LOS ANGELES,9000589A,1165,174,N, ,POLLING PLACE,187,36,29,52,36, 
LOS ANGELES,9000589A,1165,174,N, ,VBM PORTION,843,217,62,338,125, 
LOS ANGELES,9000589A,1165,174,N,2563,TOTAL,1030,253,91,390,161, 
LOS ANGELES,9000601C,1167,149,N, ,POLLING PLACE,175,25,27,61,38, 
LOS ANGELES,9000601C,1167,149,N, ,VBM PORTION,562,89,50,215,140, 
LOS ANGELES,9000601C,1167,149,N,3722,TOTAL,737,114,77,276,178, 
LOS ANGELES,9000623A,1171,235,N, ,POLLING PLACE,112,9,19,33,37, 
LOS ANGELES,9000623A,1171,235,N, ,VBM PORTION,243,44,25,80,73, 
LOS ANGELES,9000623A,1171,235,N,2821,TOTAL,355,53,44,113,110, 
LOS ANGELES,9000642C,1177,149,N, ,POLLING PLACE,120,21,17,37,28, 
LOS ANGELES,9000642C,1177,149,N, ,VBM PORTION,628,119,73,181,125, 
LOS ANGELES,9000642C,1177,149,N,3192,TOTAL,748,140,90,218,153, 
LOS ANGELES,9000682A,1182,149,N, ,POLLING PLACE,98,14,16,36,20, 
LOS ANGELES,9000682A,1182,149,N, ,VBM PORTION,415,55,41,152,103, 
LOS ANGELES,9000682A,1182,149,N,2749,TOTAL,513,69,57,188,123, 
LOS ANGELES,9000700B,6532,167,Y, ,POLLING PLACE,20,2,5,4,4, 
LOS ANGELES,9000700B,6532,167,Y, ,VBM PORTION,105,37,4,15,11, 
LOS ANGELES,9000700B,6532,167,Y,241,TOTAL,125,39,9,19,15, 
LOS ANGELES,9000720C,6535,235,Y, ,POLLING PLACE,12,0,1,5,3, 
LOS ANGELES,9000720C,6535,235,Y, ,VBM PORTION,35,8,5,9,9, 
LOS ANGELES,9000720C,6535,235,Y,393,TOTAL,47,8,6,14,12, 
LOS ANGELES,9000724A,1187,149,N, ,POLLING PLACE,108,13,15,39,21, 
LOS ANGELES,9000724A,1187,149,N, ,VBM PORTION,703,113,74,276,129, 
LOS ANGELES,9000724A,1187,149,N,3615,TOTAL,811,126,89,315,150, 
LOS ANGELES,9000731A,1189,197,N, ,POLLING PLACE,99,10,7,36,28, 
LOS ANGELES,9000731A,1189,197,N, ,VBM PORTION,398,50,29,169,102, 
LOS ANGELES,9000731A,1189,197,N,2216,TOTAL,497,60,36,205,130, 
LOS ANGELES,9000748A,1195,235,N, ,POLLING PLACE,71,11,7,14,22, 
LOS ANGELES,9000748A,1195,235,N, ,VBM PORTION,267,32,26,67,116, 
LOS ANGELES,9000748A,1195,235,N,2893,TOTAL,338,43,33,81,138, 
LOS ANGELES,9000763A,1196,197,N, ,POLLING PLACE,62,7,7,24,17, 
LOS ANGELES,9000763A,1196,197,N, ,VBM PORTION,207,23,16,64,85, 
LOS ANGELES,9000763A,1196,197,N,1911,TOTAL,269,30,23,88,102, 
LOS ANGELES,9000766A,1197,174,N, ,POLLING PLACE,160,35,25,51,25, 
LOS ANGELES,9000766A,1197,174,N, ,VBM PORTION,883,216,61,348,120, 
LOS ANGELES,9000766A,1197,174,N,2515,TOTAL,1043,251,86,399,145, 
LOS ANGELES,9000770A,1198,176,N, ,POLLING PLACE,97,15,15,29,22, 
LOS ANGELES,9000770A,1198,176,N, ,VBM PORTION,541,90,34,216,126, 
LOS ANGELES,9000770A,1198,176,N,2626,TOTAL,638,105,49,245,148, 
LOS ANGELES,9000803D,1203,174,N, ,POLLING PLACE,187,34,22,58,34, 
LOS ANGELES,9000803D,1203,174,N, ,VBM PORTION,994,211,69,395,173, 
LOS ANGELES,9000803D,1203,174,N,2801,TOTAL,1181,245,91,453,207, 
LOS ANGELES,9000819A,1204,171,N, ,POLLING PLACE,148,41,11,48,22, 
LOS ANGELES,9000819A,1204,171,N, ,VBM PORTION,592,151,35,237,118, 
LOS ANGELES,9000819A,1204,171,N,2225,TOTAL,740,192,46,285,140, 
LOS ANGELES,9000826A,1206,171,N, ,POLLING PLACE,185,45,13,62,30, 
LOS ANGELES,9000826A,1206,171,N, ,VBM PORTION,1017,330,43,387,130, 
LOS ANGELES,9000826A,1206,171,N,2701,TOTAL,1202,375,56,449,160, 
LOS ANGELES,9000843A,1208,176,N, ,POLLING PLACE,244,56,30,75,41, 
LOS ANGELES,9000843A,1208,176,N, ,VBM PORTION,1483,455,83,529,218, 
LOS ANGELES,9000843A,1208,176,N,3795,TOTAL,1727,511,113,604,259, 
LOS ANGELES,9000844A,1209,149,N, ,POLLING PLACE,144,19,16,53,33, 
LOS ANGELES,9000844A,1209,149,N, ,VBM PORTION,727,131,53,318,129, 
LOS ANGELES,9000844A,1209,149,N,3819,TOTAL,871,150,69,371,162, 
LOS ANGELES,9000852B,6542,167,Y, ,POLLING PLACE,53,8,3,21,10, 
LOS ANGELES,9000852B,6542,167,Y, ,VBM PORTION,265,86,11,101,36, 
LOS ANGELES,9000852B,6542,167,Y,668,TOTAL,318,94,14,122,46, 
LOS ANGELES,9000855A,1210,171,N, ,POLLING PLACE,248,63,24,84,33, 
LOS ANGELES,9000855A,1210,171,N, ,VBM PORTION,1430,444,72,545,174, 
LOS ANGELES,9000855A,1210,171,N,3732,TOTAL,1678,507,96,629,207, 
LOS ANGELES,9000928A,1231,235,N, ,POLLING PLACE,79,8,12,20,34, 
LOS ANGELES,9000928A,1231,235,N, ,VBM PORTION,221,20,24,83,83, 
LOS ANGELES,9000928A,1231,235,N,2474,TOTAL,300,28,36,103,117, 
LOS ANGELES,9000933A,6544,191,Y, ,POLLING PLACE,46,4,7,13,14, 
LOS ANGELES,9000933A,6544,191,Y, ,VBM PORTION,258,60,26,67,70, 
LOS ANGELES,9000933A,6544,191,Y,1164,TOTAL,304,64,33,80,84, 
LOS ANGELES,9000941A,1233,171,N, ,POLLING PLACE,132,36,12,49,24, 
LOS ANGELES,9000941A,1233,171,N, ,VBM PORTION,637,216,37,255,68, 
LOS ANGELES,9000941A,1233,171,N,1925,TOTAL,769,252,49,304,92, 
LOS ANGELES,9000962A,1236,176,N, ,POLLING PLACE,266,57,22,98,46, 
LOS ANGELES,9000962A,1236,176,N, ,VBM PORTION,1090,309,68,364,213, 
LOS ANGELES,9000962A,1236,176,N,3899,TOTAL,1356,366,90,462,259, 
LOS ANGELES,9000969A,1238,171,N, ,POLLING PLACE,245,40,16,90,52, 
LOS ANGELES,9000969A,1238,171,N, ,VBM PORTION,1074,297,84,387,172, 
LOS ANGELES,9000969A,1238,171,N,3624,TOTAL,1319,337,100,477,224, 
LOS ANGELES,9001046A,6554,242,Y, ,POLLING PLACE,28,0,4,11,9, 
LOS ANGELES,9001046A,6554,242,Y, ,VBM PORTION,33,7,2,12,5, 
LOS ANGELES,9001046A,6554,242,Y,594,TOTAL,61,7,6,23,14, 
LOS ANGELES,9001055A,1259,235,N, ,POLLING PLACE,47,7,3,14,12, 
LOS ANGELES,9001055A,1259,235,N, ,VBM PORTION,222,26,20,63,87, 
LOS ANGELES,9001055A,1259,235,N,2228,TOTAL,269,33,23,77,99, 
LOS ANGELES,9001098A,1266,186,N, ,POLLING PLACE,93,9,7,35,21, 
LOS ANGELES,9001098A,1266,186,N, ,VBM PORTION,490,63,35,188,123, 
LOS ANGELES,9001098A,1266,186,N,2826,TOTAL,583,72,42,223,144, 
LOS ANGELES,9001130B,1274,235,N, ,POLLING PLACE,60,7,9,22,16, 
LOS ANGELES,9001130B,1274,235,N, ,VBM PORTION,161,18,15,47,62, 
LOS ANGELES,9001130B,1274,235,N,2009,TOTAL,221,25,24,69,78, 
LOS ANGELES,9001151A,1275,235,N, ,POLLING PLACE,57,7,8,21,13, 
LOS ANGELES,9001151A,1275,235,N, ,VBM PORTION,306,58,37,61,116, 
LOS ANGELES,9001151A,1275,235,N,3205,TOTAL,363,65,45,82,129, 
LOS ANGELES,9001196A,1282,145,N, ,POLLING PLACE,203,51,10,58,35, 
LOS ANGELES,9001196A,1282,145,N, ,VBM PORTION,931,263,53,262,172, 
LOS ANGELES,9001196A,1282,145,N,3101,TOTAL,1134,314,63,320,207, 
LOS ANGELES,9001232A,1287,191,N, ,POLLING PLACE,93,15,12,30,16, 
LOS ANGELES,9001232A,1287,191,N, ,VBM PORTION,411,62,32,147,100, 
LOS ANGELES,9001232A,1287,191,N,2256,TOTAL,504,77,44,177,116, 
LOS ANGELES,9001453A,1313,235,N, ,POLLING PLACE,46,6,7,18,9, 
LOS ANGELES,9001453A,1313,235,N, ,VBM PORTION,202,11,19,84,77, 
LOS ANGELES,9001453A,1313,235,N,2152,TOTAL,248,17,26,102,86, 
LOS ANGELES,9001488B,1324,171,N, ,POLLING PLACE,160,27,18,59,36, 
LOS ANGELES,9001488B,1324,171,N, ,VBM PORTION,708,147,48,270,157, 
LOS ANGELES,9001488B,1324,171,N,3321,TOTAL,868,174,66,329,193, 
LOS ANGELES,9001543A,1331,186,N, ,POLLING PLACE,114,11,10,31,28, 
LOS ANGELES,9001543A,1331,186,N, ,VBM PORTION,583,99,42,217,131, 
LOS ANGELES,9001543A,1331,186,N,2975,TOTAL,697,110,52,248,159, 
LOS ANGELES,9001578A,1342,149,N, ,POLLING PLACE,155,27,24,53,24, 
LOS ANGELES,9001578A,1342,149,N, ,VBM PORTION,485,80,32,172,108, 
LOS ANGELES,9001578A,1342,149,N,3119,TOTAL,640,107,56,225,132, 
LOS ANGELES,9001592A,1345,189,N, ,POLLING PLACE,87,14,10,25,23, 
LOS ANGELES,9001592A,1345,189,N, ,VBM PORTION,256,35,19,75,94, 
LOS ANGELES,9001592A,1345,189,N,1968,TOTAL,343,49,29,100,117, 
LOS ANGELES,9001620A,6579,189,Y, ,POLLING PLACE,10,4,1,3,0, 
LOS ANGELES,9001620A,6579,189,Y, ,VBM PORTION,139,40,11,39,25, 
LOS ANGELES,9001620A,6579,189,Y,452,TOTAL,149,44,12,42,25, 
LOS ANGELES,9001621B,6580,141,Y, ,POLLING PLACE,14,0,0,6,5, 
LOS ANGELES,9001621B,6580,141,Y, ,VBM PORTION,84,11,2,27,22, 
LOS ANGELES,9001621B,6580,141,Y,218,TOTAL,98,11,2,33,27, 
LOS ANGELES,9001631A,6584,186,Y, ,POLLING PLACE,107,16,14,23,30, 
LOS ANGELES,9001631A,6584,186,Y, ,VBM PORTION,432,44,53,136,114, 
LOS ANGELES,9001631A,6584,186,Y,2012,TOTAL,539,60,67,159,144, 
LOS ANGELES,9001635B,1350,186,N, ,POLLING PLACE,90,10,16,27,19, 
LOS ANGELES,9001635B,1350,186,N, ,VBM PORTION,458,69,34,177,102, 
LOS ANGELES,9001635B,1350,186,N,2373,TOTAL,548,79,50,204,121, 
LOS ANGELES,9001647A,6585,147,Y, ,POLLING PLACE,97,15,8,51,7, 
LOS ANGELES,9001647A,6585,147,Y, ,VBM PORTION,570,106,22,270,76, 
LOS ANGELES,9001647A,6585,147,Y,1961,TOTAL,667,121,30,321,83, 
LOS ANGELES,9001739A,1371,233,N, ,POLLING PLACE,72,11,9,22,15, 
LOS ANGELES,9001739A,1371,233,N, ,VBM PORTION,265,46,33,81,79, 
LOS ANGELES,9001739A,1371,233,N,1791,TOTAL,337,57,42,103,94, 
LOS ANGELES,9001920A,6593,233,Y, ,POLLING PLACE,67,7,9,17,22, 
LOS ANGELES,9001920A,6593,233,Y, ,VBM PORTION,142,16,12,44,55, 
LOS ANGELES,9001920A,6593,233,Y,1131,TOTAL,209,23,21,61,77, 
LOS ANGELES,9001930A,6595,240,Y, ,POLLING PLACE,9,1,0,2,2, 
LOS ANGELES,9001930A,6595,240,Y, ,VBM PORTION,18,6,2,6,3, 
LOS ANGELES,9001930A,6595,240,Y,277,TOTAL,27,7,2,8,5, 
LOS ANGELES,9001937A,1408,235,N, ,POLLING PLACE,62,10,9,20,14, 
LOS ANGELES,9001937A,1408,235,N, ,VBM PORTION,291,27,27,94,108, 
LOS ANGELES,9001937A,1408,235,N,2773,TOTAL,353,37,36,114,122, 
LOS ANGELES,9001940A,1409,235,N, ,POLLING PLACE,70,9,8,19,26, 
LOS ANGELES,9001940A,1409,235,N, ,VBM PORTION,242,29,23,63,103, 
LOS ANGELES,9001940A,1409,235,N,2480,TOTAL,312,38,31,82,129, 
LOS ANGELES,9001941A,1410,235,N, ,POLLING PLACE,48,7,8,12,14, 
LOS ANGELES,9001941A,1410,235,N, ,VBM PORTION,218,24,17,58,86, 
LOS ANGELES,9001941A,1410,235,N,2677,TOTAL,266,31,25,70,100, 
LOS ANGELES,9001998A,1416,235,N, ,POLLING PLACE,92,11,18,19,34, 
LOS ANGELES,9001998A,1416,235,N, ,VBM PORTION,285,30,21,91,119, 
LOS ANGELES,9001998A,1416,235,N,3159,TOTAL,377,41,39,110,153, 
LOS ANGELES,9002044A,1428,186,N, ,POLLING PLACE,191,19,27,67,42, 
LOS ANGELES,9002044A,1428,186,N, ,VBM PORTION,719,111,54,272,163, 
LOS ANGELES,9002044A,1428,186,N,4204,TOTAL,910,130,81,339,205, 
LOS ANGELES,9002053A,1430,176,N, ,POLLING PLACE,120,13,10,47,25, 
LOS ANGELES,9002053A,1430,176,N, ,VBM PORTION,567,107,55,224,125, 
LOS ANGELES,9002053A,1430,176,N,2363,TOTAL,687,120,65,271,150, 
LOS ANGELES,9002065A,1433,186,N, ,POLLING PLACE,123,13,15,37,32, 
LOS ANGELES,9002065A,1433,186,N, ,VBM PORTION,578,74,49,179,144, 
LOS ANGELES,9002065A,1433,186,N,2641,TOTAL,701,87,64,216,176, 
LOS ANGELES,9002088A,6599,176,Y, ,POLLING PLACE,117,39,6,38,13, 
LOS ANGELES,9002088A,6599,176,Y, ,VBM PORTION,565,178,38,165,83, 
LOS ANGELES,9002088A,6599,176,Y,1526,TOTAL,682,217,44,203,96, 
LOS ANGELES,9002169A,1456,176,N, ,POLLING PLACE,153,23,15,55,40, 
LOS ANGELES,9002169A,1456,176,N, ,VBM PORTION,529,115,26,239,86, 
LOS ANGELES,9002169A,1456,176,N,2518,TOTAL,682,138,41,294,126, 
LOS ANGELES,9002171B,6606,169,Y, ,POLLING PLACE,94,28,9,29,14, 
LOS ANGELES,9002171B,6606,169,Y, ,VBM PORTION,449,153,23,138,57, 
LOS ANGELES,9002171B,6606,169,Y,1138,TOTAL,543,181,32,167,71, 
LOS ANGELES,9002607A,6628,145,Y, ,POLLING PLACE,134,28,14,33,25, 
LOS ANGELES,9002607A,6628,145,Y, ,VBM PORTION,733,208,52,171,112, 
LOS ANGELES,9002607A,6628,145,Y,2333,TOTAL,867,236,66,204,137, 
LOS ANGELES,9002821A,6632,242,Y, ,POLLING PLACE,8,0,2,3,3, 
LOS ANGELES,9002821A,6632,242,Y, ,VBM PORTION,55,12,3,10,25, 
LOS ANGELES,9002821A,6632,242,Y,690,TOTAL,63,12,5,13,28, 
LOS ANGELES,9002868A,6636,186,Y, ,POLLING PLACE,50,9,10,10,12, 
LOS ANGELES,9002868A,6636,186,Y, ,VBM PORTION,173,31,22,48,49, 
LOS ANGELES,9002868A,6636,186,Y,1070,TOTAL,223,40,32,58,61, 
LOS ANGELES,9002876A,6637,191,Y, ,POLLING PLACE,32,4,2,15,4, 
LOS ANGELES,9002876A,6637,191,Y, ,VBM PORTION,55,10,9,14,17, 
LOS ANGELES,9002876A,6637,191,Y,409,TOTAL,87,14,11,29,21, 
LOS ANGELES,9002929A,1530,235,N, ,POLLING PLACE,75,5,8,17,36, 
LOS ANGELES,9002929A,1530,235,N, ,VBM PORTION,241,26,20,51,129, 
LOS ANGELES,9002929A,1530,235,N,2605,TOTAL,316,31,28,68,165, 
LOS ANGELES,9003409A,1557,149,N, ,POLLING PLACE,188,36,18,56,42, 
LOS ANGELES,9003409A,1557,149,N, ,VBM PORTION,509,92,34,192,104, 
LOS ANGELES,9003409A,1557,149,N,3056,TOTAL,697,128,52,248,146, 
LOS ANGELES,9003763A,1564,186,N, ,POLLING PLACE,208,26,27,72,39, 
LOS ANGELES,9003763A,1564,186,N, ,VBM PORTION,967,149,71,361,209, 
LOS ANGELES,9003763A,1564,186,N,4928,TOTAL,1175,175,98,433,248, 
LOS ANGELES,9003927A,6674,172,Y, ,POLLING PLACE,2,0,1,1,0, 
LOS ANGELES,9003927A,6674,172,Y, ,VBM PORTION,1,1,0,0,0, 
LOS ANGELES,9003927A,6674,172,Y,6,TOTAL,3,1,1,1,0, 
LOS ANGELES,9003937B,6675,176,Y, ,POLLING PLACE,24,8,7,5,3, 
LOS ANGELES,9003937B,6675,176,Y, ,VBM PORTION,101,39,5,34,14, 
LOS ANGELES,9003937B,6675,176,Y,247,TOTAL,125,47,12,39,17, 
LOS ANGELES,9003952A,1567,189,N, ,POLLING PLACE,140,13,24,44,37, 
LOS ANGELES,9003952A,1567,189,N, ,VBM PORTION,525,63,60,133,142, 
LOS ANGELES,9003952A,1567,189,N,3363,TOTAL,665,76,84,177,179, 
LOS ANGELES,9003981A,6676,145,Y, ,POLLING PLACE,101,30,11,35,9, 
LOS ANGELES,9003981A,6676,145,Y, ,VBM PORTION,636,233,44,176,73, 
LOS ANGELES,9003981A,6676,145,Y,1476,TOTAL,737,263,55,211,82, 
LOS ANGELES,9004237A,6683,169,Y, ,POLLING PLACE,54,12,4,22,9, 
LOS ANGELES,9004237A,6683,169,Y, ,VBM PORTION,365,122,12,131,43, 
LOS ANGELES,9004237A,6683,169,Y,855,TOTAL,419,134,16,153,52, 
LOS ANGELES,9004515A,6685,197,Y, ,POLLING PLACE,14,2,0,3,6, 
LOS ANGELES,9004515A,6685,197,Y, ,VBM PORTION,22,0,1,11,10, 
LOS ANGELES,9004515A,6685,197,Y,331,TOTAL,36,2,1,14,16, 
LOS ANGELES,9005020A,6689,189,Y, ,POLLING PLACE,16,1,1,10,2, 
LOS ANGELES,9005020A,6689,189,Y, ,VBM PORTION,96,16,15,30,14, 
LOS ANGELES,9005020A,6689,189,Y,487,TOTAL,112,17,16,40,16, 
LOS ANGELES,9005400A,1591,189,N, ,POLLING PLACE,84,17,6,24,22, 
LOS ANGELES,9005400A,1591,189,N, ,VBM PORTION,266,36,27,65,100, 
LOS ANGELES,9005400A,1591,189,N,1736,TOTAL,350,53,33,89,122, 
LOS ANGELES,9005401A,1592,186,N, ,POLLING PLACE,106,19,12,23,28, 
LOS ANGELES,9005401A,1592,186,N, ,VBM PORTION,493,61,53,130,140, 
LOS ANGELES,9005401A,1592,186,N,3158,TOTAL,599,80,65,153,168, 
LOS ANGELES,9005472A,1595,235,N, ,POLLING PLACE,91,13,10,23,35, 
LOS ANGELES,9005472A,1595,235,N, ,VBM PORTION,279,37,45,86,78, 
LOS ANGELES,9005472A,1595,235,N,2923,TOTAL,370,50,55,109,113, 
LOS ANGELES,9005778A,1606,149,N, ,POLLING PLACE,111,15,12,33,17, 
LOS ANGELES,9005778A,1606,149,N, ,VBM PORTION,716,167,54,260,116, 
LOS ANGELES,9005778A,1606,149,N,3047,TOTAL,827,182,66,293,133, 
LOS ANGELES,9006302A,1628,171,N, ,POLLING PLACE,153,36,15,64,20, 
LOS ANGELES,9006302A,1628,171,N, ,VBM PORTION,867,265,42,342,117, 
LOS ANGELES,9006302A,1628,171,N,2743,TOTAL,1020,301,57,406,137, 
LOS ANGELES,9006306C,1629,171,N, ,POLLING PLACE,257,61,22,90,45, 
LOS ANGELES,9006306C,1629,171,N, ,VBM PORTION,1214,333,60,458,208, 
LOS ANGELES,9006306C,1629,171,N,3531,TOTAL,1471,394,82,548,253, 
LOS ANGELES,9006319A,6701,176,Y, ,POLLING PLACE,100,16,10,47,11, 
LOS ANGELES,9006319A,6701,176,Y, ,VBM PORTION,421,84,25,175,88, 
LOS ANGELES,9006319A,6701,176,Y,1511,TOTAL,521,100,35,222,99, 
LOS ANGELES,9006320A,1630,174,N, ,POLLING PLACE,276,54,20,93,51, 
LOS ANGELES,9006320A,1630,174,N, ,VBM PORTION,1113,237,83,428,215, 
LOS ANGELES,9006320A,1630,174,N,3543,TOTAL,1389,291,103,521,266, 
LOS ANGELES,9006324A,1631,176,N, ,POLLING PLACE,224,35,31,77,37, 
LOS ANGELES,9006324A,1631,176,N, ,VBM PORTION,894,182,44,349,174, 
LOS ANGELES,9006324A,1631,176,N,3373,TOTAL,1118,217,75,426,211, 
LOS ANGELES,9006335B,1632,174,N, ,POLLING PLACE,240,37,23,79,41, 
LOS ANGELES,9006335B,1632,174,N, ,VBM PORTION,1254,360,71,422,188, 
LOS ANGELES,9006335B,1632,174,N,3093,TOTAL,1494,397,94,501,229, 
LOS ANGELES,9006337A,6703,174,Y, ,POLLING PLACE,125,38,15,24,20, 
LOS ANGELES,9006337A,6703,174,Y, ,VBM PORTION,653,235,29,201,100, 
LOS ANGELES,9006337A,6703,174,Y,1625,TOTAL,778,273,44,225,120, 
LOS ANGELES,9007542A,1662,197,N, ,POLLING PLACE,113,16,12,35,36, 
LOS ANGELES,9007542A,1662,197,N, ,VBM PORTION,303,44,15,116,103, 
LOS ANGELES,9007542A,1662,197,N,2433,TOTAL,416,60,27,151,139, 
